event_id,corpus,article_id,source_domain,pub,event_date,lag_days
RTC-2020-AZ-5D5F2753,AV,ART-E58E0F50,foxbusiness.com,2020-01-31,2020-01-30,1
RTC-2020-AZ-5D5F2753,AV,ART-58AB5C67,570news.com,2020-01-31,2020-01-30,1
RTC-2020-AZ-5D5F2753,AV,ART-030D5162,driving.ca,2020-02-15,2020-01-30,16
RTC-2020-AZ-5D5F2753,AV,ART-0D002423,marketwatch.com,2020-02-14,2020-01-30,15
RTC-2020-AZ-5D5F2753,AV,ART-511E8BA2,patch.com,2020-02-14,2020-01-30,15
RTC-2021-CA-DDC28883,AV,ART-659828EA,chron.com,2021-12-16,2021-10-28,49
RTC-2021-CA-AE60A0F3,AV,ART-53DC0CF3,techcrunch.com,2021-12-16,2021-12-15,1
RTC-2022-CA-F12D37DF,AV,ART-BCFCFA95,slashdot.org,2022-07-09,2022-06-03,36
RTC-2022-CA-F12D37DF,AV,ART-436B064B,driving.ca,2022-07-08,2022-06-03,35
RTC-2022-CA-F12D37DF,AV,ART-49C0A811,foxbusiness.com,2022-07-08,2022-06-03,35
RTC-2022-CA-4C5DF2B2,AV,ART-DDB75581,sfexaminer.com,2022-08-09,2022-04-25,106
RTC-2022-CA-F12D37DF,AV,ART-6265E798,voanews.com,2022-09-18,2022-06-03,107
RTC-2022-CA-F12D37DF,AV,ART-447AD5E8,bloomberg.com,2022-09-16,2022-06-03,105
RTC-2022-CA-F12D37DF,AV,ART-9D254BBA,econotimes.com,2022-09-15,2022-06-03,104
RTC-2022-CA-F12D37DF,AV,ART-AB20FBE1,econotimes.com,2022-09-15,2022-06-03,104
RTC-2022-CA-F12D37DF,AV,ART-5F6BBB24,mysanantonio.com,2022-09-15,2022-06-03,104
RTC-2022-CA-F12D37DF,AV,ART-090EA217,forbes.com,2022-09-14,2022-06-03,103
RTC-2022-CA-F12D37DF,AV,ART-4AF27DD7,techtimes.com,2022-09-13,2022-06-03,102
RTC-2022-CA-F12D37DF,AV,ART-3F703256,beaumontenterprise.com,2022-09-13,2022-06-03,102
RTC-2022-CA-F12D37DF,AV,ART-C7C5D039,kesq.com,2022-09-13,2022-06-03,102
RTC-2022-CA-F12D37DF,AV,ART-F459EF5B,sandiegouniontribune.com,2022-09-13,2022-06-03,102
RTC-2022-CA-F12D37DF,AV,ART-8A0234A3,seattlepi.com,2022-09-13,2022-06-03,102
RTC-2022-CA-F12D37DF,AV,ART-BF3FFA6F,nhregister.com,2022-09-13,2022-06-03,102
RTC-2022-CA-F12D37DF,AV,ART-C5821E1E,chron.com,2022-09-12,2022-06-03,101
RTC-2022-CA-F12D37DF,AV,ART-662A2F2B,myplainview.com,2022-09-12,2022-06-03,101
RTC-2022-CA-F12D37DF,AV,ART-E69CD299,ourmidland.com,2022-09-12,2022-06-03,101
RTC-2022-CA-F12D37DF,AV,ART-12B601AA,sfgate.com,2022-09-12,2022-06-03,101
RTC-2022-CA-F12D37DF,AV,ART-DE2E59AA,mvariety.com,2022-09-12,2022-06-03,101
RTC-2022-CA-F12D37DF,AV,ART-81FFDD35,thestandard.com.hk,2022-09-12,2022-06-03,101
RTC-2022-CA-F12D37DF,AV,ART-AC4EA2F7,asiaone.com,2022-09-12,2022-06-03,101
RTC-2022-CA-F12D37DF,AV,ART-939EB63E,foxbusiness.com,2022-09-03,2022-06-03,92
RTC-2022-CA-F12D37DF,AV,ART-BD716019,cleantechnica.com,2022-09-02,2022-06-03,91
RTC-2022-CA-F12D37DF,AV,ART-F7695FD9,thestar.com.my,2022-09-02,2022-06-03,91
RTC-2022-CA-F12D37DF,AV,ART-C04BAA64,ktvz.com,2022-09-02,2022-06-03,91
RTC-2022-CA-F12D37DF,AV,ART-9FC57FF5,digitaljournal.com,2022-09-01,2022-06-03,90
RTC-2022-CA-F12D37DF,AV,ART-BBD7D2DC,techcrunch.com,2022-09-01,2022-06-03,90
RTC-2022-CA-F12D37DF,AV,ART-C3D18C63,sandiegouniontribune.com,2022-09-01,2022-06-03,90
RTC-2022-CA-F12D37DF,AV,ART-0208E47B,hotair.com,2022-10-07,2022-06-03,126
RTC-2022-CA-BF80BCC7,AV,ART-7B15E259,torquenews.com,2022-12-20,2022-03-01,294
RTC-2022-CA-BF80BCC7,AV,ART-70D8C04A,caranddriver.com,2022-12-19,2022-03-01,293
RTC-2022-CA-F12D37DF,AV,ART-1BE6D13A,newdelhitimes.com,2022-12-18,2022-06-03,198
RTC-2022-CA-BF80BCC7,AV,ART-950CDF68,pcmag.com,2022-12-18,2022-03-01,292
RTC-2022-CA-BF80BCC7,AV,ART-003F2E01,lockportjournal.com,2022-12-17,2022-03-01,291
RTC-2022-CA-BF80BCC7,AV,ART-C89B77A1,cbc.ca,2022-12-16,2022-03-01,290
RTC-2022-CA-BF80BCC7,AV,ART-0671AF86,fox17online.com,2022-12-16,2022-03-01,290
RTC-2022-CA-BF80BCC7,AV,ART-F20495C5,ibtimes.com,2022-12-16,2022-03-01,290
RTC-2023-CA-86512D6A,AV,ART-FB1C6E6A,nbcnews.com,2023-03-29,2023-03-06,23
RTC-2023-CA-ED3F3AA8,AV,ART-605EAD65,techstory.in,2023-03-27,2023-03-24,3
RTC-2023-CA-E0299B18,AV,ART-FC2DEF1A,therobotreport.com,2023-04-25,2023-04-13,12
RTC-2023-CA-145DACE4,AV,ART-35A92DFB,fortune.com,2023-04-21,2023-04-01,20
RTC-2023-CA-3BB3192A,AV,ART-B58AE818,autoconnectedcar.com,2023-04-16,2023-04-16,0
RTC-2023-CA-ED3F3AA8,AV,ART-B3BBD714,gizmodo.com,2023-04-10,2023-03-24,17
RTC-2023-CA-86512D6A,AV,ART-8702AE9A,wired.com,2023-04-10,2023-03-06,35
RTC-2023-CA-86512D6A,AV,ART-B80E2DA0,marketwatch.com,2023-04-10,2023-03-06,35
RTC-2023-CA-ED3F3AA8,AV,ART-CE4B3E2A,thenewsminute.com,2023-04-08,2023-03-24,15
RTC-2023-CA-ED3F3AA8,AV,ART-EA6D8BF0,indiatimes.com,2023-04-08,2023-03-24,15
RTC-2023-CA-145DACE4,AV,ART-0913EE97,freepressjournal.in,2023-04-08,2023-04-01,7
RTC-2023-CA-ED3F3AA8,AV,ART-9FDE8F00,indiatimes.com,2023-04-08,2023-03-24,15
RTC-2023-CA-145DACE4,AV,ART-EFFD19FF,forbes.com,2023-04-07,2023-04-01,6
RTC-2023-CA-ED3F3AA8,AV,ART-9E74E846,knoe.com,2023-04-07,2023-03-24,14
RTC-2023-CA-ED3F3AA8,AV,ART-B303834C,azfamily.com,2023-04-07,2023-03-24,14
RTC-2023-CA-ED3F3AA8,AV,ART-AF9F388B,whsv.com,2023-04-07,2023-03-24,14
RTC-2023-CA-ED3F3AA8,AV,ART-B6DE10E9,9and10news.com,2023-04-07,2023-03-24,14
RTC-2023-CA-145DACE4,AV,ART-959AACBE,slashdot.org,2023-04-02,2023-04-01,1
RTC-2023-CA-11D9A2E5,AV,ART-4A29E1FF,sfgate.com,2023-06-17,2023-06-05,12
RTC-2023-CA-4552AEC2,AV,ART-F3D02EED,naturalnews.com,2023-06-13,2023-05-21,23
RTC-2023-CA-4552AEC2,AV,ART-85C3FF8D,yahoo.com,2023-06-12,2023-05-21,22
RTC-2023-CA-4552AEC2,AV,ART-7138AA35,fox29.com,2023-06-12,2023-05-21,22
RTC-2023-CA-4552AEC2,AV,ART-CFEF8A2F,theepochtimes.com,2023-06-09,2023-05-21,19
RTC-2023-CA-4552AEC2,AV,ART-35E6C89B,fortune.com,2023-06-09,2023-05-21,19
RTC-2023-CA-4552AEC2,AV,ART-50D894AA,breitbart.com,2023-06-09,2023-05-21,19
RTC-2023-CA-4552AEC2,AV,ART-F0A042C9,dailystar.co.uk,2023-06-08,2023-05-21,18
RTC-2023-CA-4552AEC2,AV,ART-4C769CE6,theregister.com,2023-06-07,2023-05-21,17
RTC-2023-CA-4552AEC2,AV,ART-2BB3EA3A,siasat.com,2023-06-07,2023-05-21,17
RTC-2023-CA-4552AEC2,AV,ART-05078B93,dailymail.co.uk,2023-06-06,2023-05-21,16
RTC-2023-CA-86512D6A,AV,ART-5B47A9CA,sfist.com,2023-07-15,2023-03-06,131
RTC-2023-CA-145DACE4,AV,ART-72210A1C,sfexaminer.com,2023-07-08,2023-04-01,98
RTC-2023-CA-D02F0554,AV,ART-0B7EF96B,forbes.com,2023-08-31,2023-08-17,14
RTC-2023-CA-D02F0554,AV,ART-1AAE90EC,marinij.com,2023-08-28,2023-08-17,11
RTC-2023-CA-D02F0554,AV,ART-71EBD5C3,wbaa.org,2023-08-26,2023-08-17,9
RTC-2023-CA-D02F0554,AV,ART-AA0569E1,wkyufm.org,2023-08-26,2023-08-17,9
RTC-2023-CA-D02F0554,AV,ART-577C9831,gizmodo.com,2023-08-26,2023-08-17,9
RTC-2023-CA-D02F0554,AV,ART-0D5F2749,pressherald.com,2023-08-24,2023-08-17,7
RTC-2023-CA-D02F0554,AV,ART-B66DD2B5,jta.org,2023-08-24,2023-08-17,7
RTC-2023-CA-D02F0554,AV,ART-137CB451,yahoo.com,2023-08-24,2023-08-17,7
RTC-2023-CA-D02F0554,AV,ART-AB45A7A0,thechiefleader.com,2023-08-23,2023-08-17,6
RTC-2023-CA-D02F0554,AV,ART-A5BB78F5,siliconvalley.com,2023-08-23,2023-08-17,6
RTC-2023-CA-D02F0554,AV,ART-FCA8FBA3,foxbusiness.com,2023-08-22,2023-08-17,5
RTC-2023-CA-D02F0554,AV,ART-60D894FF,bostonglobe.com,2023-08-22,2023-08-17,5
RTC-2023-CA-D02F0554,AV,ART-78F04151,fortune.com,2023-08-22,2023-08-17,5
RTC-2023-CA-D02F0554,AV,ART-8548A2D9,insideevs.com,2023-08-22,2023-08-17,5
RTC-2023-CA-D02F0554,AV,ART-DCD09DFF,washingtonexaminer.com,2023-08-22,2023-08-17,5
RTC-2023-CA-D02F0554,AV,ART-42F510C7,phoenixherald.com,2023-08-22,2023-08-17,5
RTC-2023-CA-D02F0554,AV,ART-2E355B1E,thetruthaboutcars.com,2023-08-22,2023-08-17,5
RTC-2023-CA-D02F0554,AV,ART-CBF5B624,utahindependent.com,2023-08-22,2023-08-17,5
RTC-2023-CA-D02F0554,AV,ART-34CAEC25,mainemirror.com,2023-08-21,2023-08-17,4
RTC-2023-CA-D02F0554,AV,ART-2B03B014,batonrougepost.com,2023-08-21,2023-08-17,4
RTC-2023-CA-D02F0554,AV,ART-D6A196A7,pakistantelegraph.com,2023-08-21,2023-08-17,4
RTC-2023-CA-D02F0554,AV,ART-EFF97834,jamaicantimes.com,2023-08-21,2023-08-17,4
RTC-2023-CA-D02F0554,AV,ART-654E8905,itechpost.com,2023-08-21,2023-08-17,4
RTC-2023-CA-D02F0554,AV,ART-16F84EEB,westhawaiitoday.com,2023-08-21,2023-08-17,4
RTC-2023-CA-D02F0554,AV,ART-8CC9ABCC,autoconnectedcar.com,2023-08-21,2023-08-17,4
RTC-2023-CA-D02F0554,AV,ART-8B918733,ksby.com,2023-08-20,2023-08-17,3
RTC-2023-CA-D02F0554,AV,ART-C753001C,bostonherald.com,2023-08-20,2023-08-17,3
RTC-2023-CA-D02F0554,AV,ART-63E027F8,siliconvalley.com,2023-08-20,2023-08-17,3
RTC-2023-CA-D02F0554,AV,ART-E1339D38,mercurynews.com,2023-08-20,2023-08-17,3
RTC-2023-CA-D02F0554,AV,ART-74AB0204,businessinsider.com,2023-08-20,2023-08-17,3
RTC-2023-CA-D02F0554,AV,ART-8178F01B,ganderbeacon.ca,2023-08-20,2023-08-17,3
RTC-2023-CA-D02F0554,AV,ART-70D0FB34,digbycourier.ca,2023-08-19,2023-08-17,2
RTC-2023-CA-D02F0554,AV,ART-A2B3F8CF,clickondetroit.com,2023-08-19,2023-08-17,2
RTC-2023-CA-D02F0554,AV,ART-6CCB942C,bostonglobe.com,2023-08-19,2023-08-17,2
RTC-2023-CA-D02F0554,AV,ART-EED4A448,wxyz.com,2023-08-19,2023-08-17,2
RTC-2023-CA-D02F0554,AV,ART-94329FF8,wsls.com,2023-08-19,2023-08-17,2
RTC-2023-CA-D02F0554,AV,ART-7E279403,moneycontrol.com,2023-08-19,2023-08-17,2
RTC-2023-CA-D02F0554,AV,ART-45F54EAD,fortune.com,2023-08-19,2023-08-17,2
RTC-2023-CA-D02F0554,AV,ART-E679F9DB,inquirer.net,2023-08-19,2023-08-17,2
RTC-2023-CA-D02F0554,AV,ART-FCD3FB88,slashdot.org,2023-08-19,2023-08-17,2
RTC-2023-CA-D02F0554,AV,ART-D19EC795,thedailycitizen.com,2023-08-19,2023-08-17,2
RTC-2023-CA-D02F0554,AV,ART-18E5E767,aol.com,2023-08-19,2023-08-17,2
RTC-2023-CA-D02F0554,AV,ART-F006493D,missionlocal.org,2023-08-19,2023-08-17,2
RTC-2023-CA-D02F0554,AV,ART-D717B767,bostonglobe.com,2023-08-19,2023-08-17,2
RTC-2023-CA-D02F0554,AV,ART-26018697,forbes.com,2023-08-19,2023-08-17,2
RTC-2023-CA-D02F0554,AV,ART-53FBFB2B,inquirer.net,2023-08-19,2023-08-17,2
RTC-2023-CA-D02F0554,AV,ART-29B2692D,jamaicaobserver.com,2023-08-19,2023-08-17,2
RTC-2023-CA-D02F0554,AV,ART-969BD3C5,fortune.com,2023-08-18,2023-08-17,1
RTC-2023-CA-D02F0554,AV,ART-F0B8E3C4,ktvu.com,2023-08-18,2023-08-17,1
RTC-2023-CA-D02F0554,AV,ART-53248DC6,techcrunch.com,2023-08-18,2023-08-17,1
RTC-2023-CA-D02F0554,AV,ART-08EE267B,news4jax.com,2023-08-18,2023-08-17,1
RTC-2023-CA-D02F0554,AV,ART-F67300DD,mix97.com,2023-08-18,2023-08-17,1
RTC-2023-CA-D02F0554,AV,ART-251B0CCF,jalopnik.com,2023-08-18,2023-08-17,1
RTC-2023-CA-D02F0554,AV,ART-BE3E82BF,smdailyjournal.com,2023-08-18,2023-08-17,1
RTC-2023-CA-D02F0554,AV,ART-E1D28EC4,journalreview.com,2023-08-18,2023-08-17,1
RTC-2023-CA-D02F0554,AV,ART-69C6903C,ocregister.com,2023-08-18,2023-08-17,1
RTC-2023-CA-D02F0554,AV,ART-90AD17B4,theverge.com,2023-08-18,2023-08-17,1
RTC-2023-CA-D02F0554,AV,ART-1C3CE050,thetruthaboutcars.com,2023-08-18,2023-08-17,1
RTC-2023-CA-D02F0554,AV,ART-2DD23DA4,yahoo.com,2023-08-18,2023-08-17,1
RTC-2023-CA-D02F0554,AV,ART-47E9C562,forbes.com,2023-08-17,2023-08-17,0
RTC-2023-CA-22DC7A6E,AV,ART-478A21C7,autoweek.com,2023-08-17,2023-06-01,77
RTC-2023-CA-D633EF37,AV,ART-343438C8,insideevs.com,2023-08-08,2023-08-07,1
RTC-2023-CA-0519A5B0,AV,ART-103AA16A,abc13.com,2023-09-27,2023-10-02,-5
RTC-2023-CA-0519A5B0,AV,ART-56E94B5D,theepochtimes.com,2023-09-24,2023-10-02,-8
RTC-2023-CA-D02F0554,AV,ART-859BE664,jweekly.com,2023-09-20,2023-08-17,34
RTC-2023-CA-D02F0554,AV,ART-66C3EECB,digitaltrends.com,2023-09-08,2023-08-17,22
RTC-2023-TX-6FF60BCF,AV,ART-8A19F8AB,techcrunch.com,2023-09-07,2023-09-07,0
RTC-2023-CA-D02F0554,AV,ART-CBE380D9,barrons.com,2023-09-05,2023-08-17,19
RTC-2023-TX-9AD29ECE,AV,ART-8DAA539F,austinmonitor.com,2023-10-31,2023-10-31,0
RTC-2023-CA-0519A5B0,AV,ART-588F085A,gizmodo.com,2023-10-30,2023-10-02,28
RTC-2023-CA-0519A5B0,AV,ART-76D8B20A,foxbusiness.com,2023-10-29,2023-10-02,27
RTC-2023-CA-0519A5B0,AV,ART-B269A77E,cnn.com,2023-10-28,2023-10-02,26
RTC-2023-CA-0519A5B0,AV,ART-E7A393A2,sfexaminer.com,2023-10-28,2023-10-02,26
RTC-2023-CA-0519A5B0,AV,ART-21863882,adn.com,2023-10-27,2023-10-02,25
RTC-2023-CA-0519A5B0,AV,ART-0798B70E,techtimes.com,2023-10-27,2023-10-02,25
RTC-2023-CA-0519A5B0,AV,ART-DC389614,thetruthaboutcars.com,2023-10-27,2023-10-02,25
RTC-2023-CA-0519A5B0,AV,ART-2436F596,yahoo.com,2023-10-27,2023-10-02,25
RTC-2023-CA-0519A5B0,AV,ART-7F2F2191,yahoo.com,2023-10-27,2023-10-02,25
RTC-2023-CA-0519A5B0,AV,ART-F7768F66,siliconvalley.com,2023-10-27,2023-10-02,25
RTC-2023-CA-0519A5B0,AV,ART-5EA1A96C,theatlantic.com,2023-10-27,2023-10-02,25
RTC-2023-CA-0519A5B0,AV,ART-D1A85919,eastbaytimes.com,2023-10-27,2023-10-02,25
RTC-2023-CA-0519A5B0,AV,ART-BEC320A3,newschannel9.com,2023-10-27,2023-10-02,25
RTC-2023-CA-0519A5B0,AV,ART-BE98F251,theverge.com,2023-10-27,2023-10-02,25
RTC-2023-CA-0519A5B0,AV,ART-6CC9D87C,engadget.com,2023-10-27,2023-10-02,25
RTC-2023-CA-0519A5B0,AV,ART-59D2AE77,thestar.com.my,2023-10-27,2023-10-02,25
RTC-2023-CA-0519A5B0,AV,ART-0C1D503E,nbcbayarea.com,2023-10-27,2023-10-02,25
RTC-2023-CA-0519A5B0,AV,ART-3EBFED29,indiatimes.com,2023-10-27,2023-10-02,25
RTC-2023-CA-0519A5B0,AV,ART-06D4982B,yahoo.com,2023-10-27,2023-10-02,25
RTC-2023-CA-0519A5B0,AV,ART-7089E5DC,townhall.com,2023-10-26,2023-10-02,24
RTC-2023-CA-0519A5B0,AV,ART-62B0689F,yahoo.com,2023-10-26,2023-10-02,24
RTC-2023-CA-0519A5B0,AV,ART-9EFE09C8,breitbart.com,2023-10-26,2023-10-02,24
RTC-2023-CA-0519A5B0,AV,ART-DDA6F63E,kalw.org,2023-10-25,2023-10-02,23
RTC-2023-CA-0519A5B0,AV,ART-141A8F37,hngn.com,2023-10-25,2023-10-02,23
RTC-2023-CA-0519A5B0,AV,ART-0F471401,autoweek.com,2023-10-25,2023-10-02,23
RTC-2023-CA-0519A5B0,AV,ART-7D556B92,techstory.in,2023-10-25,2023-10-02,23
RTC-2023-CA-0519A5B0,AV,ART-16CB600E,nypost.com,2023-10-25,2023-10-02,23
RTC-2023-CA-0519A5B0,AV,ART-413ED103,latintimes.com,2023-10-25,2023-10-02,23
RTC-2023-CA-0519A5B0,AV,ART-C3A1809A,newser.com,2023-10-25,2023-10-02,23
RTC-2023-CA-0519A5B0,AV,ART-81961886,digitaltrends.com,2023-10-25,2023-10-02,23
RTC-2023-CA-0519A5B0,AV,ART-9A76C7CE,unionleader.com,2023-10-25,2023-10-02,23
RTC-2023-CA-0519A5B0,AV,ART-37C41B4E,theepochtimes.com,2023-10-25,2023-10-02,23
RTC-2023-CA-0519A5B0,AV,ART-1CE6266C,kdrv.com,2023-10-25,2023-10-02,23
RTC-2023-CA-0519A5B0,AV,ART-3997E036,newsweek.com,2023-10-25,2023-10-02,23
RTC-2023-CA-0519A5B0,AV,ART-E1D55AA5,courthousenews.com,2023-10-24,2023-10-02,22
RTC-2023-CA-0519A5B0,AV,ART-173B237B,hotair.com,2023-10-24,2023-10-02,22
RTC-2023-CA-0519A5B0,AV,ART-C5029489,bakersfieldnow.com,2023-10-24,2023-10-02,22
RTC-2023-CA-0519A5B0,AV,ART-4B46921F,sfexaminer.com,2023-10-24,2023-10-02,22
RTC-2023-CA-0519A5B0,AV,ART-6E36928C,arynews.tv,2023-10-24,2023-10-02,22
RTC-2023-CA-0519A5B0,AV,ART-7C9FA2CD,pcmag.com,2023-10-24,2023-10-02,22
RTC-2023-CA-0519A5B0,AV,ART-4AE42839,barrons.com,2023-10-24,2023-10-02,22
RTC-2023-CA-0519A5B0,AV,ART-2ED5D40B,abc7news.com,2023-10-24,2023-10-02,22
RTC-2023-CA-0519A5B0,AV,ART-EBC6132D,yahoo.com,2023-10-20,2023-10-02,18
RTC-2023-CA-0519A5B0,AV,ART-3228365A,dunyanews.tv,2023-10-18,2023-10-02,16
RTC-2023-CA-D02F0554,AV,ART-C31142A8,ktvu.com,2023-10-17,2023-08-17,61
RTC-2023-CA-0519A5B0,AV,ART-380A7BA9,jalopnik.com,2023-10-16,2023-10-02,14
RTC-2023-CA-0519A5B0,AV,ART-2EE3CC83,insideevs.com,2023-10-16,2023-10-02,14
RTC-2023-CA-D02F0554,AV,ART-BD06003C,abc.net.au,2023-10-13,2023-08-17,57
RTC-2023-CA-D02F0554,AV,ART-18D3D589,thestar.com.my,2023-10-13,2023-08-17,57
RTC-2023-CA-0519A5B0,AV,ART-483E9B97,benzinga.com,2023-10-10,2023-10-02,8
RTC-2023-CA-0519A5B0,AV,ART-802C5869,techcrunch.com,2023-10-09,2023-10-02,7
RTC-2023-CA-0519A5B0,AV,ART-7A4D14ED,yahoo.com,2023-10-09,2023-10-02,7
RTC-2023-CA-0519A5B0,AV,ART-731BCAF7,autoconnectedcar.com,2023-10-09,2023-10-02,7
RTC-2023-CA-0519A5B0,AV,ART-966B94B9,mediapost.com,2023-10-09,2023-10-02,7
RTC-2023-CA-0519A5B0,AV,ART-D54F3703,russiaherald.com,2023-10-07,2023-10-02,5
RTC-2023-TX-A99154E4,AV,ART-6FDE0262,kdhnews.com,2023-10-07,2023-09-18,19
RTC-2023-CA-0519A5B0,AV,ART-630C222B,forbes.com,2023-10-06,2023-10-02,4
RTC-2023-TX-A99154E4,AV,ART-A3CF5589,abc13.com,2023-10-06,2023-09-18,18
RTC-2023-TX-A99154E4,AV,ART-E94D173F,dentonrc.com,2023-10-06,2023-09-18,18
RTC-2023-TX-A99154E4,AV,ART-EC68D3C9,foxsanantonio.com,2023-10-05,2023-09-18,17
RTC-2023-TX-BFFD9641,AV,ART-B6E8EF95,kxxv.com,2023-10-05,2023-08-23,43
RTC-2023-CA-22DC7A6E,AV,ART-500E3B05,benzinga.com,2023-10-05,2023-06-01,126
RTC-2023-TX-A99154E4,AV,ART-EA0EF6A2,yahoo.com,2023-10-05,2023-09-18,17
RTC-2023-TX-A99154E4,AV,ART-FA9CA16D,ksat.com,2023-10-05,2023-09-18,17
RTC-2023-CA-0519A5B0,AV,ART-82496183,thefrontierpost.com,2023-10-04,2023-10-02,2
RTC-2023-CA-0519A5B0,AV,ART-98EB58AF,iheart.com,2023-10-04,2023-10-02,2
RTC-2023-CA-0519A5B0,AV,ART-C3383E2E,iheart.com,2023-10-04,2023-10-02,2
RTC-2023-CA-0519A5B0,AV,ART-54282FE6,iheart.com,2023-10-04,2023-10-02,2
RTC-2023-CA-0519A5B0,AV,ART-A21006D9,iheart.com,2023-10-04,2023-10-02,2
RTC-2023-CA-0519A5B0,AV,ART-41EE6893,iheart.com,2023-10-04,2023-10-02,2
RTC-2023-CA-0519A5B0,AV,ART-0B677D36,iheart.com,2023-10-04,2023-10-02,2
RTC-2023-CA-0519A5B0,AV,ART-C40A4012,iheart.com,2023-10-04,2023-10-02,2
RTC-2023-CA-0519A5B0,AV,ART-C1F0DFA5,iheart.com,2023-10-04,2023-10-02,2
RTC-2023-CA-0519A5B0,AV,ART-BA14C0C4,iheart.com,2023-10-04,2023-10-02,2
RTC-2023-CA-0519A5B0,AV,ART-BD021A9E,iheart.com,2023-10-04,2023-10-02,2
RTC-2023-CA-0519A5B0,AV,ART-0D84657B,theregister.com,2023-10-04,2023-10-02,2
RTC-2023-CA-0519A5B0,AV,ART-3114EDDE,complex.com,2023-10-04,2023-10-02,2
RTC-2023-CA-0519A5B0,AV,ART-27376AAD,iheart.com,2023-10-04,2023-10-02,2
RTC-2023-CA-0519A5B0,AV,ART-05B788D0,iheart.com,2023-10-04,2023-10-02,2
RTC-2023-CA-0519A5B0,AV,ART-A4EFDA9B,iheart.com,2023-10-04,2023-10-02,2
RTC-2023-CA-0519A5B0,AV,ART-C374004E,iheart.com,2023-10-04,2023-10-02,2
RTC-2023-CA-0519A5B0,AV,ART-6325B4A0,iheart.com,2023-10-04,2023-10-02,2
RTC-2023-CA-0519A5B0,AV,ART-C5F9EA89,iheart.com,2023-10-04,2023-10-02,2
RTC-2023-CA-0519A5B0,AV,ART-15C02A1B,iheart.com,2023-10-04,2023-10-02,2
RTC-2023-CA-0519A5B0,AV,ART-30E8FEE4,iheart.com,2023-10-04,2023-10-02,2
RTC-2023-CA-0519A5B0,AV,ART-F355F94E,iheart.com,2023-10-04,2023-10-02,2
RTC-2023-CA-0519A5B0,AV,ART-8E3BE287,iheart.com,2023-10-03,2023-10-02,1
RTC-2023-CA-0519A5B0,AV,ART-3CAEA47D,insideevs.com,2023-10-03,2023-10-02,1
RTC-2023-CA-0519A5B0,AV,ART-29ED7346,yahoo.com,2023-10-03,2023-10-02,1
RTC-2023-CA-0519A5B0,AV,ART-206CE2A5,iheart.com,2023-10-03,2023-10-02,1
RTC-2023-CA-0519A5B0,AV,ART-5D81EF13,breitbart.com,2023-10-03,2023-10-02,1
RTC-2023-CA-0519A5B0,AV,ART-08C3448E,washingtonpost.com,2023-10-03,2023-10-02,1
RTC-2023-CA-0519A5B0,AV,ART-54285B02,engadget.com,2023-10-03,2023-10-02,1
RTC-2023-CA-0519A5B0,AV,ART-D6C09D26,rfi.fr,2023-10-03,2023-10-02,1
RTC-2023-CA-0519A5B0,AV,ART-46DD60A5,ibtimes.com,2023-10-03,2023-10-02,1
RTC-2023-CA-6177D898,AV,ART-A51C70A3,nbcnews.com,2023-10-03,2023-09-15,18
RTC-2023-CA-0519A5B0,AV,ART-9E9D9D34,siliconvalley.com,2023-10-03,2023-10-02,1
RTC-2023-CA-0519A5B0,AV,ART-CB0201D0,cnn.com,2023-10-03,2023-10-02,1
RTC-2023-CA-0519A5B0,AV,ART-4B8600A6,newsweek.com,2023-10-03,2023-10-02,1
RTC-2023-CA-0519A5B0,AV,ART-A60279C7,wbtv.com,2023-10-03,2023-10-02,1
RTC-2023-CA-0519A5B0,AV,ART-E2B6142B,benzinga.com,2023-10-03,2023-10-02,1
RTC-2023-CA-0519A5B0,AV,ART-AB0B26EC,abc7news.com,2023-10-03,2023-10-02,1
RTC-2023-CA-0519A5B0,AV,ART-CCB1B5B7,itechpost.com,2023-11-30,2023-10-02,59
RTC-2023-CA-0519A5B0,AV,ART-217A4F37,ktvz.com,2023-11-29,2023-10-02,58
RTC-2023-CA-0519A5B0,AV,ART-30CAA080,theblaze.com,2023-11-21,2023-10-02,50
RTC-2023-CA-0519A5B0,AV,ART-550A8B79,wgal.com,2023-11-21,2023-10-02,50
RTC-2023-CA-0519A5B0,AV,ART-04C2C693,bostonglobe.com,2023-11-21,2023-10-02,50
RTC-2023-CA-0519A5B0,AV,ART-B63EC488,roadandtrack.com,2023-11-20,2023-10-02,49
RTC-2023-CA-0519A5B0,AV,ART-D140F2CB,latimes.com,2023-11-20,2023-10-02,49
RTC-2023-CA-0519A5B0,AV,ART-8D2F7D53,forbes.com,2023-11-20,2023-10-02,49
RTC-2023-CA-0519A5B0,AV,ART-9611A980,theverge.com,2023-11-18,2023-10-02,47
RTC-2023-CA-D02F0554,AV,ART-23A6E474,politico.eu,2023-11-16,2023-08-17,91
RTC-2023-CA-0519A5B0,AV,ART-B96F680F,boingboing.net,2023-11-16,2023-10-02,45
RTC-2023-CA-0519A5B0,AV,ART-327E0192,proactiveinvestors.co.uk,2023-11-15,2023-10-02,44
RTC-2023-CA-0519A5B0,AV,ART-951D808F,engadget.com,2023-11-15,2023-10-02,44
RTC-2023-CA-0519A5B0,AV,ART-DA53E92F,nypost.com,2023-11-10,2023-10-02,39
RTC-2023-CA-0519A5B0,AV,ART-BE6CFDD9,hotair.com,2023-11-10,2023-10-02,39
RTC-2023-CA-0519A5B0,AV,ART-78D49F52,jamaica-gleaner.com,2023-11-09,2023-10-02,38
RTC-2023-CA-0519A5B0,AV,ART-FF598B49,wsvn.com,2023-11-09,2023-10-02,38
RTC-2023-CA-0519A5B0,AV,ART-198784F8,iheart.com,2023-11-08,2023-10-02,37
RTC-2023-CA-0519A5B0,AV,ART-06A6D8BF,nydailynews.com,2023-11-08,2023-10-02,37
RTC-2023-CA-0519A5B0,AV,ART-9ED6DD55,adn.com,2023-11-08,2023-10-02,37
RTC-2023-CA-0519A5B0,AV,ART-1CE90892,kitv.com,2023-11-08,2023-10-02,37
RTC-2023-CA-0519A5B0,AV,ART-DC291737,cnn.com,2023-11-08,2023-10-02,37
RTC-2023-CA-0519A5B0,AV,ART-359002FB,upi.com,2023-11-08,2023-10-02,37
RTC-2023-CA-0519A5B0,AV,ART-95186BB8,abc7news.com,2023-11-08,2023-10-02,37
RTC-2023-CA-0519A5B0,AV,ART-69642A41,yahoo.com,2023-11-08,2023-10-02,37
RTC-2023-CA-0519A5B0,AV,ART-E7E3BE16,cleantechnica.com,2023-11-08,2023-10-02,37
RTC-2023-CA-0519A5B0,AV,ART-F0D65E37,ctvnews.ca,2023-11-08,2023-10-02,37
RTC-2023-CA-0519A5B0,AV,ART-0D07FD99,marketscreener.com,2023-11-08,2023-10-02,37
RTC-2023-CA-0519A5B0,AV,ART-A20BADA0,techstory.in,2023-11-08,2023-10-02,37
RTC-2023-CA-E7AFE3A7,AV,ART-E3D34604,abc7news.com,2023-11-04,2023-11-03,1
RTC-2023-CA-0519A5B0,AV,ART-3B413102,naturalnews.com,2023-11-04,2023-10-02,33
RTC-2023-CA-0519A5B0,AV,ART-0DC7443F,nbcphiladelphia.com,2023-11-04,2023-10-02,33
RTC-2023-CA-0519A5B0,AV,ART-02F3639A,nbcsandiego.com,2023-11-04,2023-10-02,33
RTC-2023-CA-0519A5B0,AV,ART-7D766585,albuquerqueexpress.com,2023-11-02,2023-10-02,31
RTC-2023-CA-0519A5B0,AV,ART-4F756BD6,naturalnews.com,2023-11-01,2023-10-02,30
RTC-2023-CA-0519A5B0,AV,ART-562EE291,wesa.fm,2023-12-30,2023-10-02,89
RTC-2023-CA-0519A5B0,AV,ART-0BE486E8,upr.org,2023-12-30,2023-10-02,89
RTC-2023-CA-0519A5B0,AV,ART-ACA1496C,klcc.org,2023-12-30,2023-10-02,89
RTC-2023-CA-0519A5B0,AV,ART-D6BBB414,wbfo.org,2023-12-30,2023-10-02,89
RTC-2023-CA-0519A5B0,AV,ART-69DDC8BA,kenw.org,2023-12-30,2023-10-02,89
RTC-2023-CA-0519A5B0,AV,ART-85718EA0,wwmt.com,2023-12-29,2023-10-02,88
RTC-2023-CA-0519A5B0,AV,ART-D67FD348,elpais.com,2023-12-27,2023-10-02,86
RTC-2023-CA-0519A5B0,AV,ART-683E1D64,sfexaminer.com,2023-12-24,2023-10-02,83
RTC-2023-CA-0519A5B0,AV,ART-D456574F,tucsonpost.com,2023-12-19,2023-10-02,78
RTC-2023-CA-0519A5B0,AV,ART-39453730,dallassun.com,2023-12-19,2023-10-02,78
RTC-2023-CA-0519A5B0,AV,ART-EC2312C9,oilprice.com,2023-12-19,2023-10-02,78
RTC-2023-CA-0519A5B0,AV,ART-645955AD,nypost.com,2023-12-16,2023-10-02,75
RTC-2023-CA-0519A5B0,AV,ART-97F1B961,siliconrepublic.com,2023-12-15,2023-10-02,74
RTC-2023-CA-0519A5B0,AV,ART-8C9EB48C,smdailyjournal.com,2023-12-14,2023-10-02,73
RTC-2023-CA-0519A5B0,AV,ART-35593B02,ksby.com,2023-12-05,2023-10-02,64
RTC-2023-CA-0519A5B0,AV,ART-B3A07064,whittierdailynews.com,2023-12-05,2023-10-02,64
RTC-2023-CA-0519A5B0,AV,ART-60842026,mlive.com,2023-12-05,2023-10-02,64
RTC-2023-CA-0519A5B0,AV,ART-DA8EBA9B,eastbaytimes.com,2023-12-05,2023-10-02,64
RTC-2023-CA-0519A5B0,AV,ART-4984FA26,siliconvalley.com,2023-12-05,2023-10-02,64
RTC-2023-CA-0519A5B0,AV,ART-64A3A938,marketwatch.com,2023-12-05,2023-10-02,64
RTC-2024-CA-32249896,AV,ART-04A58CBB,missionlocal.org,2024-02-26,2024-02-06,20
RTC-2024-CA-32249896,AV,ART-A03080C8,siliconvalley.com,2024-02-22,2024-02-06,16
RTC-2024-CA-32249896,AV,ART-516E7988,mercurynews.com,2024-02-22,2024-02-06,16
RTC-2024-CA-32249896,AV,ART-EE6C51C3,ktvu.com,2024-02-21,2024-02-06,15
RTC-2024-CA-32249896,AV,ART-884E0314,aol.com,2024-02-18,2024-02-06,12
RTC-2024-CA-32249896,AV,ART-43BAD8E0,nextshark.com,2024-02-13,2024-02-06,7
RTC-2024-CA-32249896,AV,ART-B7C964E2,indiatimes.com,2024-02-13,2024-02-06,7
RTC-2024-CA-32249896,AV,ART-182A33F7,kelo.com,2024-02-13,2024-02-06,7
RTC-2024-CA-32249896,AV,ART-501524FC,aol.com,2024-02-12,2024-02-06,6
RTC-2024-CA-32249896,AV,ART-7BEAA25D,insideevs.com,2024-02-12,2024-02-06,6
RTC-2024-CA-32249896,AV,ART-E5EA18DE,yahoo.com,2024-02-12,2024-02-06,6
RTC-2024-CA-32249896,AV,ART-5335366C,autoconnectedcar.com,2024-02-11,2024-02-06,5
RTC-2024-CA-32249896,AV,ART-212D30E8,road.cc,2024-02-08,2024-02-06,2
RTC-2024-CA-32249896,AV,ART-2EB164CF,yahoo.com,2024-02-08,2024-02-06,2
RTC-2024-CA-32249896,AV,ART-764DF8AB,techtimes.com,2024-02-08,2024-02-06,2
RTC-2024-CA-32249896,AV,ART-57FD5C59,marketwatch.com,2024-02-08,2024-02-06,2
RTC-2024-CA-32249896,AV,ART-25F6B3DB,marketscreener.com,2024-02-07,2024-02-06,1
RTC-2024-CA-32249896,AV,ART-42BA2F58,thetruthaboutcars.com,2024-02-07,2024-02-06,1
RTC-2024-CA-32249896,AV,ART-A39DE135,sfist.com,2024-02-07,2024-02-06,1
RTC-2024-CA-32249896,AV,ART-3338EAE5,abc7news.com,2024-02-07,2024-02-06,1
RTC-2024-CA-32249896,AV,ART-7EF4BD02,nbcbayarea.com,2024-02-07,2024-02-06,1
RTC-2024-CA-32249896,AV,ART-A65BE1AF,electrek.co,2024-02-07,2024-02-06,1
RTC-2024-CA-32249896,AV,ART-CCB602C1,indiatimes.com,2024-02-07,2024-02-06,1
RTC-2024-CA-32249896,AV,ART-5C8ACE86,marketscreener.com,2024-02-07,2024-02-06,1
RTC-2024-CA-32249896,AV,ART-637D4799,yahoo.com,2024-02-07,2024-02-06,1
RTC-2024-CA-32249896,AV,ART-C42A0910,missionlocal.org,2024-02-07,2024-02-06,1
RTC-2024-CA-32249896,AV,ART-1A1B26C3,canada.com,2024-03-06,2024-02-06,29
RTC-2024-CA-32249896,AV,ART-4FAE6682,forbes.com,2024-04-15,2024-02-06,69
RTC-2024-CA-04A3C147,AV,ART-984D5D69,smdailyjournal.com,2024-05-28,2024-05-28,0
RTC-2024-AZ-EE03A0EC,AV,ART-7D1FED51,kjzz.org,2024-05-22,2024-05-21,1
RTC-2024-CA-93B40BBC,AV,ART-355B70AA,yahoo.com,2024-05-21,2024-05-20,1
RTC-2024-AZ-EE03A0EC,AV,ART-A31880BC,kbtx.com,2024-05-14,2024-05-21,-7
RTC-2024-AZ-EE03A0EC,AV,ART-A33CDE3F,yahoo.com,2024-05-14,2024-05-21,-7
RTC-2024-NV-7C29FD94,AV,ART-ED3120BC,itechpost.com,2024-05-14,2024-04-14,30
RTC-2024-NV-1F2B19FE,AV,ART-9F5B6D3B,lasvegassun.com,2024-05-14,2024-05-14,0
RTC-2024-AZ-EE03A0EC,AV,ART-06A3177E,ktvz.com,2024-06-14,2024-05-21,24
RTC-2024-AZ-EE03A0EC,AV,ART-B2D6D7FD,nbcconnecticut.com,2024-06-13,2024-05-21,23
RTC-2024-AZ-EBB317A1,AV,ART-ACAEAFF5,marketscreener.com,2024-06-13,2024-05-14,30
RTC-2024-AZ-EE03A0EC,AV,ART-EA25622F,theregister.com,2024-06-13,2024-05-21,23
RTC-2024-AZ-EE03A0EC,AV,ART-E8065A69,mashable.com,2024-06-12,2024-05-21,22
RTC-2024-AZ-EE03A0EC,AV,ART-A532D7AC,techcrunch.com,2024-06-12,2024-05-21,22
RTC-2024-AZ-EE03A0EC,AV,ART-92F601AA,engadget.com,2024-06-12,2024-05-21,22
RTC-2024-CA-B0A7AD5A,AV,ART-553DB955,jalopnik.com,2024-07-24,2024-01-01,205
RTC-2024-CA-02391936,AV,ART-30DF4F93,yahoo.com,2024-07-23,2024-03-19,126
RTC-2024-CA-02391936,AV,ART-E92571CC,arstechnica.com,2024-07-23,2024-03-19,126
RTC-2024-CA-78E868D4,AV,ART-EF855CFB,yahoo.com,2024-07-23,2024-06-24,29
RTC-2024-AZ-CE7319D0,AV,ART-FA1BF313,statepress.com,2024-09-11,2024-05-01,133
RTC-2024-CA-38C291EF,AV,ART-362FA9E6,digit.in,2024-10-09,2024-10-06,3
RTC-2024-CA-38C291EF,AV,ART-2B8DD807,indianexpress.com,2024-10-08,2024-10-06,2
RTC-2024-CA-38C291EF,AV,ART-6C42A737,news18.com,2024-10-08,2024-10-06,2
RTC-2024-CA-38C291EF,AV,ART-954902A9,indiatimes.com,2024-10-08,2024-10-06,2
RTC-2024-AZ-50EE4FF6,AV,ART-E2939F85,abc15.com,2024-11-26,2024-11-26,0
RTC-2024-CA-017213D4,AV,ART-1EFE4B1A,missionlocal.org,2024-12-23,2024-12-20,3
RTC-2025-CA-BE49A2DB,AV,ART-6001E635,techcrunch.com,2025-01-09,2025-01-09,0
RTC-2025-CA-A1470DEA,AV,ART-DDCEA33B,yahoo.com,2025-01-17,2025-01-17,0
RTC-2025-CA-8B95420A,AV,ART-E07B1DEF,yahoo.com,2025-02-07,2025-02-06,1
RTC-2025-CA-180C4595,AV,ART-2652EAB9,jalopnik.com,2025-03-28,2025-03-28,0
RTC-2025-CA-39E02EA9,AV,ART-256EB113,ktvu.com,2025-03-20,2025-03-20,0
RTC-2025-CA-C760B6F1,AV,ART-562FE76E,thestar.com.my,2025-05-29,2025-05-01,28
RTC-2025-CA-C760B6F1,AV,ART-A5888FF3,yahoo.com,2025-05-26,2025-05-01,25
RTC-2025-CA-C760B6F1,AV,ART-C4CF4E21,nypost.com,2025-05-25,2025-05-01,24
RTC-2025-CA-C760B6F1,AV,ART-B8672634,nbcchicago.com,2025-05-24,2025-05-01,23
RTC-2025-CA-C760B6F1,AV,ART-633B71C8,nbcconnecticut.com,2025-05-23,2025-05-01,22
RTC-2025-CA-C760B6F1,AV,ART-B94FD3BE,techcrunch.com,2025-05-23,2025-05-01,22
RTC-2025-CA-8C410F35,AV,ART-F42CD763,dailydot.com,2025-05-15,2025-05-15,0
RTC-2025-CA-805FFE24,AV,ART-CB08671D,kcra.com,2025-05-14,2025-04-04,40
RTC-2025-NV-01F5490A,AV,ART-7310DB42,lasvegassun.com,2025-05-09,2025-04-08,31
RTC-2025-NV-0412D4A6,AV,ART-CB17D0F2,digitaltrends.com,2025-05-08,2025-05-06,2
RTC-2025-NV-0412D4A6,AV,ART-02C44263,dailydot.com,2025-05-07,2025-05-06,1
RTC-2025-NV-01F5490A,AV,ART-67EE4A10,reviewjournal.com,2025-05-07,2025-04-08,29
RTC-2025-NV-01F5490A,AV,ART-FEA407AE,techtimes.com,2025-05-07,2025-04-08,29
RTC-2025-NV-0412D4A6,AV,ART-66617896,proactiveinvestors.co.uk,2025-05-07,2025-05-06,1
RTC-2025-NV-01F5490A,AV,ART-CD76D86B,foxbusiness.com,2025-05-06,2025-04-08,28
RTC-2025-NV-01F5490A,AV,ART-884BD053,techcrunch.com,2025-05-06,2025-04-08,28
RTC-2025-NV-01F5490A,AV,ART-B07B2EB9,nbcmiami.com,2025-05-06,2025-04-08,28
RTC-2025-CA-6D59D272,AV,ART-9862B6F7,siliconvalley.com,2025-06-10,2025-02-16,114
RTC-2025-CA-6D59D272,AV,ART-CC80C0B7,mercurynews.com,2025-06-10,2025-02-16,114
RTC-2025-CA-6D59D272,AV,ART-94164784,eastbaytimes.com,2025-06-10,2025-02-16,114
RTC-2025-CA-69A0AD32,AV,ART-D9DF266F,scientificamerican.com,2025-06-10,2025-06-08,2
RTC-2025-NV-01F5490A,AV,ART-0DA45468,lasvegassun.com,2025-06-06,2025-04-08,59
RTC-2025-TX-6EDD4A1D,AV,ART-8ABBA743,pcmag.com,2025-07-10,2025-07-04,6
RTC-2025-TX-6EDD4A1D,AV,ART-6F7E513B,techstory.in,2025-07-07,2025-07-04,3
RTC-2025-TX-6EDD4A1D,AV,ART-BE4012AA,pcmag.com,2025-07-06,2025-07-04,2
RTC-2025-TX-6EDD4A1D,AV,ART-F5046AB1,torquenews.com,2025-07-04,2025-07-04,0
RTC-2025-TX-7B2F8D27,AV,ART-78CD22CE,forbes.com,2025-09-18,2025-07-01,79
RTC-2025-NV-01F5490A,AV,ART-92E3A2BC,cnbc.com,2025-09-10,2025-04-08,155
PFC-2020-CA-D6DF7EE1,Ped,ART-1D9EE979,patch.com,2020-01-31,2020-01-20,11
PFC-2020-CA-D6DF7EE1,Ped,ART-7E23F859,sfgate.com,2020-01-31,2020-01-20,11
PFC-2020-CA-C80E7FA8,Ped,ART-F9313D44,sfchronicle.com,2020-01-31,2020-01-31,0
PFC-2020-CA-5B555928,Ped,ART-3B319E12,lbpost.com,2020-01-26,2020-01-22,4
PFC-2020-CA-C56E5E8B,Ped,ART-51350A0C,theeastsiderla.com,2020-01-25,2020-01-25,0
PFC-2020-NV-550DCD13,Ped,ART-48D96145,lasvegassun.com,2020-01-23,2020-01-22,1
PFC-2020-CA-D6DF7EE1,Ped,ART-652BCE34,ktvu.com,2020-01-22,2020-01-20,2
PFC-2020-CA-D6DF7EE1,Ped,ART-1F530869,dailyrepublic.com,2020-01-21,2020-01-20,1
PFC-2020-CA-CEB7D374,Ped,ART-C1888AFE,sfgate.com,2020-01-21,2020-01-19,2
PFC-2020-CA-D6DF7EE1,Ped,ART-A9A2429A,sfexaminer.com,2020-01-21,2020-01-20,1
PFC-2020-CA-D6DF7EE1,Ped,ART-E99E79AC,ktvu.com,2020-01-20,2020-01-20,0
PFC-2020-NV-0D7B199E,Ped,ART-06AB1A0A,lasvegassun.com,2020-01-19,2020-01-11,8
PFC-2020-AZ-E29E1368,Ped,ART-6D38F94B,fox10phoenix.com,2020-01-16,2020-01-16,0
PFC-2020-AZ-E29E1368,Ped,ART-BED318DB,abc15.com,2020-01-16,2020-01-16,0
PFC-2020-CA-61DF5E81,Ped,ART-AB8BFEE0,foxla.com,2020-01-06,2020-01-06,0
PFC-2020-CA-F4AB331F,Ped,ART-B1B60DB0,kobi5.com,2020-01-01,2020-01-01,0
PFC-2020-CA-4C00AF3F,Ped,ART-762945A0,foxla.com,2020-02-27,2020-02-26,1
PFC-2020-AZ-6CAA4009,Ped,ART-A7293EDF,fox10phoenix.com,2020-02-27,2020-02-26,1
PFC-2020-AZ-6CAA4009,Ped,ART-80A7C109,abc15.com,2020-02-27,2020-02-26,1
PFC-2020-CA-2206B686,Ped,ART-7810AAF9,sfexaminer.com,2020-02-27,2020-02-24,3
PFC-2020-CA-1F1B33BF,Ped,ART-9C500C84,sfweekly.com,2020-02-26,2020-02-25,1
PFC-2020-CA-044D00B9,Ped,ART-6D538090,sfgate.com,2020-02-25,2020-02-21,4
PFC-2020-CA-E3017809,Ped,ART-5BE32582,foxla.com,2020-02-25,2020-02-24,1
PFC-2020-CA-AE16FA2D,Ped,ART-64E55139,dailyrepublic.com,2020-02-24,2020-02-22,2
PFC-2020-CA-2D12C56F,Ped,ART-8841E17F,sfgate.com,2020-02-22,2020-02-21,1
PFC-2020-TX-87F6EF27,Ped,ART-5E9DC65D,ibtimes.co.uk,2020-02-20,2020-02-20,0
PFC-2020-TX-87F6EF27,Ped,ART-58B26D8C,ksat.com,2020-02-19,2020-02-20,-1
PFC-2020-TX-0A27FDE2,Ped,ART-73286BB9,newsweek.com,2020-02-19,2020-02-15,4
PFC-2020-TX-0A27FDE2,Ped,ART-B5138E45,nydailynews.com,2020-02-19,2020-02-15,4
PFC-2020-TX-0A27FDE2,Ped,ART-DF4E5ABD,thestar.com.my,2020-02-19,2020-02-15,4
PFC-2020-TX-0A27FDE2,Ped,ART-01F740D1,fox4news.com,2020-02-19,2020-02-15,4
PFC-2020-CA-E1D8289F,Ped,ART-B9E3DF36,foxla.com,2020-02-14,2020-02-13,1
PFC-2020-CA-C967D216,Ped,ART-E8C44E64,foxla.com,2020-02-14,2020-02-13,1
PFC-2020-CA-C967D216,Ped,ART-8CAA27EE,foxla.com,2020-02-13,2020-02-13,0
PFC-2020-CA-10A2A9C4,Ped,ART-2AB2FBF4,smdailyjournal.com,2020-02-13,2020-02-09,4
PFC-2020-CA-C967D216,Ped,ART-A4A27A50,foxla.com,2020-02-13,2020-02-13,0
PFC-2020-CA-49FE25A1,Ped,ART-6D2FFE28,ktvu.com,2020-02-10,2020-02-07,3
PFC-2020-CA-49FE25A1,Ped,ART-9A47B4E8,dailyrepublic.com,2020-02-08,2020-02-07,1
PFC-2020-CA-808B6E08,Ped,ART-6E63FA91,thehindu.com,2020-02-08,2020-02-07,1
PFC-2020-CA-808B6E08,Ped,ART-21E9DABB,foxla.com,2020-02-08,2020-02-07,1
PFC-2020-CA-808B6E08,Ped,ART-CBD1FA8A,abc7.com,2020-02-07,2020-02-07,0
PFC-2020-CA-C80E7FA8,Ped,ART-26DBA0C4,ktvu.com,2020-02-01,2020-01-31,1
PFC-2020-CA-84A86020,Ped,ART-9D81FBDB,sfweekly.com,2020-03-05,2020-03-04,1
PFC-2020-AZ-9C7D4B19,Ped,ART-B6823157,abc15.com,2020-03-03,2020-03-03,0
PFC-2020-CA-B4E841ED,Ped,ART-4C6C9BE0,sfexaminer.com,2020-03-02,2020-03-02,0
PFC-2020-NV-DAA3DA80,Ped,ART-18B1C8C5,lasvegassun.com,2020-04-30,2020-04-29,1
PFC-2020-AZ-D315C3F1,Ped,ART-BED2B971,azcentral.com,2020-04-29,2020-04-28,1
PFC-2020-TX-A8DD445F,Ped,ART-1DFDD719,fox7austin.com,2020-04-21,2020-04-20,1
PFC-2020-CA-3582F388,Ped,ART-5E8718CE,sfgate.com,2020-04-02,2020-04-01,1
PFC-2020-CA-DCB8529B,Ped,ART-48DAC4DD,ibtimes.com,2020-05-28,2020-05-26,2
PFC-2020-CA-DCB8529B,Ped,ART-59BE77F8,abc7.com,2020-05-28,2020-05-26,2
PFC-2020-AZ-FC592A86,Ped,ART-1AB3A90E,abc15.com,2020-05-27,2020-05-26,1
PFC-2020-AZ-E61DBAE1,Ped,ART-B4A688EF,fox10phoenix.com,2020-05-25,2020-05-25,0
PFC-2020-AZ-743BF7A2,Ped,ART-C5152197,abc15.com,2020-05-25,2020-05-25,0
PFC-2020-CA-D55C9951,Ped,ART-2FD8D395,ktvu.com,2020-05-21,2020-01-17,125
PFC-2020-AZ-AFB3B2BA,Ped,ART-02E26D2B,fox10phoenix.com,2020-05-17,2020-05-10,7
PFC-2020-CA-D55C9951,Ped,ART-92C8DA63,ktvu.com,2020-05-15,2020-01-17,119
PFC-2020-TX-FAA0515F,Ped,ART-106A50D3,ksat.com,2020-05-12,2020-02-01,101
PFC-2020-AZ-C00C669B,Ped,ART-96E85E01,abc15.com,2020-05-02,2020-05-02,0
PFC-2020-CA-05E9DEE5,Ped,ART-0ED2DB63,iheart.com,2020-05-01,2020-05-01,0
PFC-2020-CA-666A060C,Ped,ART-E93E82D2,yahoo.com,2020-06-19,2020-06-18,1
PFC-2020-CA-666A060C,Ped,ART-5174173F,ktvu.com,2020-06-19,2020-06-18,1
PFC-2020-AZ-8550F905,Ped,ART-548F6380,abc15.com,2020-07-30,2020-07-29,1
PFC-2020-CA-FFB3CEAF,Ped,ART-BB9E33F3,lbpost.com,2020-07-26,2020-07-23,3
PFC-2020-CA-CCFF2144,Ped,ART-F10475D5,sfchronicle.com,2020-07-22,2020-07-21,1
PFC-2020-CA-9FBD4B22,Ped,ART-173E9B76,canyon-news.com,2020-07-21,2020-07-16,5
PFC-2020-AZ-54FB3C69,Ped,ART-D0116983,abc15.com,2020-07-19,2020-07-18,1
PFC-2020-NV-CFC5CEC4,Ped,ART-21C36E3A,lasvegassun.com,2020-07-13,2020-07-11,2
PFC-2020-CA-BB9818B9,Ped,ART-BC998B48,canyon-news.com,2020-07-12,2020-07-08,4
PFC-2020-AZ-16E61A52,Ped,ART-985A52B9,fox10phoenix.com,2020-07-09,2020-07-09,0
PFC-2020-AZ-4692B6A3,Ped,ART-CAFFD045,abc15.com,2020-07-09,2020-07-09,0
PFC-2020-TX-066032C0,Ped,ART-83AED671,fox7austin.com,2020-07-08,2020-07-08,0
PFC-2020-TX-67B7426B,Ped,ART-746358FD,fox7austin.com,2020-08-24,2020-08-23,1
PFC-2020-CA-42AAE10D,Ped,ART-C9E23576,foxla.com,2020-08-19,2020-08-13,6
PFC-2020-CA-74306350,Ped,ART-53964089,canyon-news.com,2020-08-19,2020-08-11,8
PFC-2020-CA-74306350,Ped,ART-B44E0A0B,iheart.com,2020-08-13,2020-08-11,2
PFC-2020-NV-C920DB3D,Ped,ART-42152DE3,ktnv.com,2020-08-13,2020-08-11,2
PFC-2020-CA-74306350,Ped,ART-3FC07CD6,streetsblog.org,2020-08-13,2020-08-11,2
PFC-2020-CA-74306350,Ped,ART-9F5B960A,sfgate.com,2020-08-12,2020-08-11,1
PFC-2020-CA-74306350,Ped,ART-B4D5001E,dailyrepublic.com,2020-08-12,2020-08-11,1
PFC-2020-CA-74306350,Ped,ART-D5FFC6F1,sfgate.com,2020-08-12,2020-08-11,1
PFC-2020-AZ-2DD82F1C,Ped,ART-79CF794C,abc15.com,2020-08-08,2020-08-07,1
PFC-2020-AZ-993A01F8,Ped,ART-A19CD984,fox10phoenix.com,2020-08-02,2020-08-02,0
PFC-2020-AZ-993A01F8,Ped,ART-584B7F59,abc15.com,2020-08-02,2020-08-02,0
PFC-2020-AZ-450AD4EE,Ped,ART-816CD2F4,fox10phoenix.com,2020-09-27,2020-07-29,60
PFC-2020-AZ-5C65C6C4,Ped,ART-273B083E,abc15.com,2020-09-27,2020-09-26,1
PFC-2020-AZ-5C65C6C4,Ped,ART-CA57064C,fox10phoenix.com,2020-09-26,2020-09-26,0
PFC-2020-CA-D5CB9E26,Ped,ART-2EF07DAA,prweb.com,2020-09-24,2020-08-11,44
PFC-2020-AZ-1151675D,Ped,ART-C3E16274,fox10phoenix.com,2020-09-17,2020-09-17,0
PFC-2020-AZ-1151675D,Ped,ART-9C2C2BC7,abc15.com,2020-09-17,2020-09-17,0
PFC-2020-AZ-F6C009E8,Ped,ART-0A1DA3EF,abc15.com,2020-10-22,2020-10-22,0
PFC-2020-CA-622B2CFA,Ped,ART-A98C037C,foxla.com,2020-10-21,2020-10-21,0
PFC-2020-CA-622B2CFA,Ped,ART-A29CB652,yahoo.com,2020-10-21,2020-10-21,0
PFC-2020-CA-7A2C718C,Ped,ART-219474F1,dailyrepublic.com,2020-10-11,2020-10-09,2
PFC-2020-AZ-B00BC028,Ped,ART-3DFD9B91,fox10phoenix.com,2020-10-09,2020-10-09,0
PFC-2020-CA-87D7DFDD,Ped,ART-38A0C8C7,abc7.com,2020-10-02,2020-10-02,0
PFC-2020-CA-87D7DFDD,Ped,ART-3A6F8DA2,foxla.com,2020-10-02,2020-10-02,0
PFC-2020-CA-36701505,Ped,ART-606C006F,foxla.com,2020-10-02,2020-09-27,5
PFC-2020-CA-B4B7431D,Ped,ART-B6487FAA,6abc.com,2020-11-25,2020-11-24,1
PFC-2020-CA-B4B7431D,Ped,ART-8A5DFA29,abc30.com,2020-11-25,2020-11-24,1
PFC-2020-CA-45CA8E00,Ped,ART-1FE6014D,patch.com,2020-11-25,2020-11-25,0
PFC-2020-CA-7C338C5F,Ped,ART-89EB45B2,usatoday.com,2020-11-25,2020-11-22,3
PFC-2020-CA-B4B7431D,Ped,ART-B2293400,abc7ny.com,2020-11-25,2020-11-24,1
PFC-2020-CA-7C338C5F,Ped,ART-9EE61DC0,newser.com,2020-11-25,2020-11-22,3
PFC-2020-CA-1294EFAA,Ped,ART-275D74CF,nbclosangeles.com,2020-11-24,2020-11-24,0
PFC-2020-CA-7C338C5F,Ped,ART-4573B208,foxla.com,2020-11-23,2020-11-22,1
PFC-2020-TX-FA90D1E4,Ped,ART-E60C7965,fox7austin.com,2020-11-01,2020-10-31,1
PFC-2020-AZ-A40123F0,Ped,ART-5B23CAF8,fox10phoenix.com,2020-12-27,2020-12-26,1
PFC-2020-AZ-A40123F0,Ped,ART-4430EDDE,abc15.com,2020-12-26,2020-12-26,0
PFC-2020-AZ-A40123F0,Ped,ART-45071511,fox10phoenix.com,2020-12-26,2020-12-26,0
PFC-2020-CA-343B57EC,Ped,ART-2DCCC0D7,houstonchronicle.com,2020-12-25,2020-12-01,24
PFC-2020-CA-CCC2F368,Ped,ART-AE86104E,sfchronicle.com,2020-12-25,2020-12-25,0
PFC-2020-TX-597B35E6,Ped,ART-9F01E7CF,statesman.com,2020-12-22,2020-12-18,4
PFC-2020-AZ-B3914787,Ped,ART-CE38AEFC,fox10phoenix.com,2020-12-21,2020-12-20,1
PFC-2020-AZ-B3914787,Ped,ART-08FA63C8,abc15.com,2020-12-21,2020-12-20,1
PFC-2020-AZ-F7DC8906,Ped,ART-541849E5,fox10phoenix.com,2020-12-20,2020-12-20,0
PFC-2020-AZ-F7DC8906,Ped,ART-486E01D8,abc15.com,2020-12-20,2020-12-20,0
PFC-2020-AZ-1475EE20,Ped,ART-56042F64,fox10phoenix.com,2020-12-15,2020-09-28,78
PFC-2020-CA-D9ED3B72,Ped,ART-83E3E333,foxla.com,2020-12-11,2020-12-11,0
PFC-2020-CA-FAE52059,Ped,ART-072A0545,iheart.com,2020-12-03,2020-11-23,10
PFC-2020-TX-C3063428,Ped,ART-75030442,fox7austin.com,2020-12-02,2020-12-02,0
PFC-2021-AZ-683A8CA9,Ped,ART-A526220C,abc15.com,2021-01-30,2021-01-29,1
PFC-2021-AZ-683A8CA9,Ped,ART-95B9EF68,fox10phoenix.com,2021-01-30,2021-01-29,1
PFC-2021-AZ-F72A77C1,Ped,ART-A44FF360,abc15.com,2021-01-25,2021-01-25,0
PFC-2021-AZ-85C486B9,Ped,ART-7F8DAD26,fox10phoenix.com,2021-01-18,2021-01-18,0
PFC-2021-AZ-85C486B9,Ped,ART-F92E2C5B,abc15.com,2021-01-18,2021-01-18,0
PFC-2021-AZ-65C41087,Ped,ART-CE27E900,abc15.com,2021-01-14,2021-01-14,0
PFC-2021-CA-C6065D0A,Ped,ART-D08C8159,theepochtimes.com,2021-01-06,2021-01-05,1
PFC-2021-CA-27C9F86A,Ped,ART-77D13251,abc7news.com,2021-01-01,2021-01-01,0
PFC-2021-AZ-B620F1B7,Ped,ART-5B4E485F,fox10phoenix.com,2021-01-01,2021-01-01,0
PFC-2021-AZ-B620F1B7,Ped,ART-A9C7452C,abc15.com,2021-01-01,2021-01-01,0
PFC-2021-AZ-E389EC03,Ped,ART-93647841,fox10phoenix.com,2021-02-24,2021-02-24,0
PFC-2021-AZ-E67DD9BF,Ped,ART-EE37B054,fox10phoenix.com,2021-02-21,2021-02-20,1
PFC-2021-AZ-E67DD9BF,Ped,ART-3556BF85,abc15.com,2021-02-21,2021-02-20,1
PFC-2021-AZ-E67DD9BF,Ped,ART-13E214C6,fox10phoenix.com,2021-02-21,2021-02-20,1
PFC-2021-AZ-E67DD9BF,Ped,ART-6968095A,abc15.com,2021-02-21,2021-02-20,1
PFC-2021-AZ-85C486B9,Ped,ART-5DF778FB,fox10phoenix.com,2021-02-20,2021-01-18,33
PFC-2021-CA-164462BA,Ped,ART-1BFCC8CB,nbcbayarea.com,2021-02-17,2021-02-17,0
PFC-2021-CA-164462BA,Ped,ART-8AB4CA94,sfgate.com,2021-02-17,2021-02-17,0
PFC-2021-NV-2D93DC1E,Ped,ART-2AB33B05,lasvegassun.com,2021-02-12,2021-02-11,1
PFC-2021-CA-0854567E,Ped,ART-B5197E22,patch.com,2021-02-06,2021-02-05,1
PFC-2021-CA-0854567E,Ped,ART-9D3F1466,iheart.com,2021-02-05,2021-02-05,0
PFC-2021-CA-0854567E,Ped,ART-3C7343B2,iheart.com,2021-02-05,2021-02-05,0
PFC-2021-CA-402EB959,Ped,ART-A0CAEE74,ktvu.com,2021-02-05,2021-02-04,1
PFC-2021-CA-402EB959,Ped,ART-1A224480,lmtonline.com,2021-02-04,2021-02-04,0
PFC-2021-CA-402EB959,Ped,ART-8DB82005,lmtonline.com,2021-02-04,2021-02-04,0
PFC-2021-CA-E271FBA6,Ped,ART-E83353CA,nbclosangeles.com,2021-02-04,2021-02-04,0
PFC-2021-AZ-E675A737,Ped,ART-1999044E,azcentral.com,2021-03-30,2021-03-30,0
PFC-2021-AZ-E675A737,Ped,ART-ACC73FDB,abc15.com,2021-03-30,2021-03-30,0
PFC-2021-CA-405CAAF2,Ped,ART-102E7740,iheart.com,2021-03-25,2021-03-20,5
PFC-2021-CA-7896D064,Ped,ART-738E30F4,gazettextra.com,2021-03-16,2021-03-15,1
PFC-2021-CA-C700C582,Ped,ART-ED2844CF,canyon-news.com,2021-03-14,2021-03-11,3
PFC-2021-AZ-B6B504CE,Ped,ART-F51AD40D,fox10phoenix.com,2021-03-02,2021-03-02,0
PFC-2021-AZ-B6B504CE,Ped,ART-1468B17C,abc15.com,2021-03-02,2021-03-02,0
PFC-2021-CA-F0EF9F39,Ped,ART-556EB45D,iheart.com,2021-04-28,2021-04-28,0
PFC-2021-CA-F0EF9F39,Ped,ART-4C33FDF1,iheart.com,2021-04-28,2021-04-28,0
PFC-2021-CA-8BFEA0C8,Ped,ART-5D624EAA,sfgate.com,2021-04-26,2021-04-25,1
PFC-2021-AZ-7CC5DD21,Ped,ART-039DD210,patch.com,2021-04-21,2021-04-20,1
PFC-2021-CA-C6F02E8C,Ped,ART-EA1B95E2,canyon-news.com,2021-04-20,2021-01-17,93
PFC-2021-AZ-7CC5DD21,Ped,ART-A14C2730,fox10phoenix.com,2021-04-20,2021-04-20,0
PFC-2021-AZ-7CC5DD21,Ped,ART-C4427B2C,abc15.com,2021-04-20,2021-04-20,0
PFC-2021-TX-1BC920DF,Ped,ART-FE5203F1,statesman.com,2021-04-20,2021-04-20,0
PFC-2021-CA-35990591,Ped,ART-642DBABA,foxla.com,2021-04-15,2021-04-12,3
PFC-2021-AZ-11BBC978,Ped,ART-D995830C,abc15.com,2021-04-08,2021-04-07,1
PFC-2021-AZ-A8E0A3E5,Ped,ART-17443498,azcentral.com,2021-04-05,2021-04-04,1
PFC-2021-AZ-A8E0A3E5,Ped,ART-946CD497,fox10phoenix.com,2021-04-05,2021-04-04,1
PFC-2021-AZ-6C280535,Ped,ART-EB353A94,fox10phoenix.com,2021-04-05,2021-04-04,1
PFC-2021-AZ-A8E0A3E5,Ped,ART-8FBA73BA,abc15.com,2021-04-05,2021-04-04,1
PFC-2021-AZ-6C280535,Ped,ART-AA89351C,abc15.com,2021-04-05,2021-04-04,1
PFC-2021-AZ-A8E0A3E5,Ped,ART-29C23C79,abc15.com,2021-04-05,2021-04-04,1
PFC-2021-CA-9947EA1A,Ped,ART-5AF09806,iheart.com,2021-04-02,2021-04-02,0
PFC-2021-AZ-790F627C,Ped,ART-6B6EB9F0,azcentral.com,2021-04-01,2021-04-01,0
PFC-2021-AZ-790F627C,Ped,ART-C9440C8B,fox10phoenix.com,2021-04-01,2021-04-01,0
PFC-2021-AZ-790F627C,Ped,ART-8C97AE89,abc15.com,2021-04-01,2021-04-01,0
PFC-2021-AZ-3DF0137B,Ped,ART-073E2555,abc15.com,2021-05-31,2021-05-30,1
PFC-2021-AZ-93BA91AF,Ped,ART-C49CF775,abc15.com,2021-05-28,2021-05-28,0
PFC-2021-AZ-3AAC5A60,Ped,ART-D6845D58,abc15.com,2021-05-23,2021-05-22,1
PFC-2021-AZ-3AAC5A60,Ped,ART-D9BADD1F,fox10phoenix.com,2021-05-23,2021-05-22,1
PFC-2021-CA-C679A843,Ped,ART-50F03FDB,sfist.com,2021-05-22,2021-05-19,3
PFC-2021-CA-C679A843,Ped,ART-1AC29E82,sfgate.com,2021-05-19,2021-05-19,0
PFC-2021-CA-C679A843,Ped,ART-F5EDE27D,ktvu.com,2021-05-19,2021-05-19,0
PFC-2021-TX-0B966C28,Ped,ART-FC2F5551,statesman.com,2021-05-18,2021-05-18,0
PFC-2021-CA-E72D299F,Ped,ART-8D9174CC,theeastsiderla.com,2021-05-12,2021-05-08,4
PFC-2021-AZ-529E0D00,Ped,ART-EB64E824,abc15.com,2021-05-07,2021-05-07,0
PFC-2021-NV-3C2D3D70,Ped,ART-BCA650D4,lasvegassun.com,2021-05-03,2021-05-03,0
PFC-2021-AZ-CC0D5146,Ped,ART-746C097C,abc15.com,2021-06-28,2021-06-27,1
PFC-2021-AZ-8247B623,Ped,ART-3B6E4543,abc15.com,2021-06-24,2021-06-23,1
PFC-2021-CA-3BACD072,Ped,ART-01412889,iheart.com,2021-06-23,2021-06-20,3
PFC-2021-CA-3BACD072,Ped,ART-879340D5,iheart.com,2021-06-23,2021-06-20,3
PFC-2021-CA-3BACD072,Ped,ART-6E2C4303,theeastsiderla.com,2021-06-22,2021-06-20,2
PFC-2021-CA-3BACD072,Ped,ART-4402A7DB,iheart.com,2021-06-21,2021-06-20,1
PFC-2021-AZ-8ACFA789,Ped,ART-EC803B97,azcentral.com,2021-06-21,2021-06-20,1
PFC-2021-AZ-01D0FC5F,Ped,ART-88ADF004,abc15.com,2021-06-10,2021-06-10,0
PFC-2021-AZ-2EC7D4A4,Ped,ART-FACB6AEB,fox10phoenix.com,2021-06-07,2021-06-06,1
PFC-2021-AZ-B95AA054,Ped,ART-F17D567C,fox10phoenix.com,2021-06-04,2021-06-02,2
PFC-2021-AZ-B95AA054,Ped,ART-F0DEF043,fox10phoenix.com,2021-06-03,2021-06-02,1
PFC-2021-AZ-B95AA054,Ped,ART-0A7BAAE1,abc15.com,2021-06-03,2021-06-02,1
PFC-2021-CA-2D34B490,Ped,ART-DAECE38B,ktvu.com,2021-07-31,2021-07-30,1
PFC-2021-CA-C4C2878F,Ped,ART-18EAD49D,sfchronicle.com,2021-07-28,2021-07-27,1
PFC-2021-CA-78E21431,Ped,ART-8660F5E5,ktvu.com,2021-07-27,2021-07-26,1
PFC-2021-CA-6907E718,Ped,ART-B41FF070,nextshark.com,2021-07-27,2021-06-30,27
PFC-2021-AZ-1EAB2D65,Ped,ART-B81344CF,fox10phoenix.com,2021-07-25,2021-07-24,1
PFC-2021-AZ-1EAB2D65,Ped,ART-9ECD0375,abc15.com,2021-07-25,2021-07-24,1
PFC-2021-CA-74B58E7E,Ped,ART-A59AC4A3,iheart.com,2021-07-20,2021-07-18,2
PFC-2021-CA-797A964E,Ped,ART-1CD25FED,fox10phoenix.com,2021-07-19,2021-07-17,2
PFC-2021-CA-797A964E,Ped,ART-195B7CA6,foxla.com,2021-07-18,2021-07-17,1
PFC-2021-CA-797A964E,Ped,ART-23CA0B97,fox5ny.com,2021-07-18,2021-07-17,1
PFC-2021-CA-797A964E,Ped,ART-7979F615,nydailynews.com,2021-07-18,2021-07-17,1
PFC-2021-CA-797A964E,Ped,ART-9F0FCE48,thewrap.com,2021-07-18,2021-07-17,1
PFC-2021-AZ-2233AD4D,Ped,ART-3EF51BB6,abc15.com,2021-07-14,2021-07-13,1
PFC-2021-CA-A4274371,Ped,ART-AC53980B,foxla.com,2021-07-13,2021-07-10,3
PFC-2021-CA-CFE4DC05,Ped,ART-D1B4E9F5,financial-planning.com,2021-07-08,2021-05-09,60
PFC-2021-CA-CFE4DC05,Ped,ART-9C48D623,ktvu.com,2021-07-08,2021-05-09,60
PFC-2021-CA-8CEDA273,Ped,ART-1D7CC0E5,ktvu.com,2021-07-02,2021-05-28,35
PFC-2021-CA-50BF6BDD,Ped,ART-565BE21B,iheart.com,2021-07-01,2021-07-01,0
PFC-2021-CA-50BF6BDD,Ped,ART-4EF024E7,iheart.com,2021-07-01,2021-07-01,0
PFC-2021-CA-8CEDA273,Ped,ART-05DA5C3D,ktvu.com,2021-07-01,2021-05-28,34
PFC-2021-CA-38574677,Ped,ART-F2C1B2C8,sfchronicle.com,2021-07-01,2021-06-25,6
PFC-2021-AZ-B0C0F134,Ped,ART-82A97327,abc15.com,2021-08-30,2021-08-29,1
PFC-2021-AZ-B0C0F134,Ped,ART-24141B96,fox10phoenix.com,2021-08-30,2021-08-29,1
PFC-2021-TX-DFBEC2EF,Ped,ART-41A19969,fox7austin.com,2021-08-27,2021-08-19,8
PFC-2021-CA-19CA5AE1,Ped,ART-F58F52FD,foxla.com,2021-08-27,2021-08-11,16
PFC-2021-CA-12DA17F9,Ped,ART-35E7665A,canyon-news.com,2021-08-23,2021-08-19,4
PFC-2021-AZ-497421AA,Ped,ART-1AAEA3C5,abc15.com,2021-08-23,2021-08-23,0
PFC-2021-TX-DFBEC2EF,Ped,ART-2819FC24,fox7austin.com,2021-08-20,2021-08-19,1
PFC-2021-AZ-BA0C64A9,Ped,ART-B918ABD6,fox10phoenix.com,2021-08-20,2021-08-20,0
PFC-2021-CA-12DA17F9,Ped,ART-234006BF,iheart.com,2021-08-19,2021-08-19,0
PFC-2021-CA-12DA17F9,Ped,ART-AFF49FFB,iheart.com,2021-08-19,2021-08-19,0
PFC-2021-CA-7CC5617B,Ped,ART-A3668B78,nydailynews.com,2021-08-17,2021-08-16,1
PFC-2021-CA-AA8E5987,Ped,ART-E4BE4A88,foxla.com,2021-08-16,2021-08-16,0
PFC-2021-CA-AA8E5987,Ped,ART-E9F4BC9D,iheart.com,2021-08-16,2021-08-16,0
PFC-2021-CA-AA8E5987,Ped,ART-F0E75589,iheart.com,2021-08-16,2021-08-16,0
PFC-2021-CA-48569B4B,Ped,ART-AB7EB1EF,iheart.com,2021-08-13,2021-08-11,2
PFC-2021-CA-48569B4B,Ped,ART-450F9FFF,foxla.com,2021-08-13,2021-08-11,2
PFC-2021-AZ-072F5529,Ped,ART-02F4BF48,fox10phoenix.com,2021-08-13,2021-08-13,0
PFC-2021-CA-69A0671C,Ped,ART-0A9EB0DC,patch.com,2021-08-11,2021-08-09,2
PFC-2021-CA-69A0671C,Ped,ART-DA87EB62,iheart.com,2021-08-09,2021-08-09,0
PFC-2021-AZ-F9C89797,Ped,ART-4AD642FE,abc15.com,2021-08-09,2021-08-08,1
PFC-2021-AZ-CB2B6DE3,Ped,ART-AB0CBD8F,abc15.com,2021-08-08,2021-08-07,1
PFC-2021-CA-AC345D1F,Ped,ART-F8626D85,smdp.com,2021-08-05,2021-08-02,3
PFC-2021-CA-E2202E2C,Ped,ART-BF7E8DD1,foxla.com,2021-08-04,2021-08-03,1
PFC-2021-CA-E2202E2C,Ped,ART-AF2AB88D,iheart.com,2021-08-03,2021-08-03,0
PFC-2021-AZ-E27C8C3A,Ped,ART-E63DF119,fox10phoenix.com,2021-08-03,2021-08-02,1
PFC-2021-CA-B993CC53,Ped,ART-005142E3,foxla.com,2021-08-02,2021-08-02,0
PFC-2021-CA-B993CC53,Ped,ART-FC3248C6,nbclosangeles.com,2021-08-02,2021-08-02,0
PFC-2021-TX-1FDAE343,Ped,ART-CBBF017C,fox7austin.com,2021-09-28,2021-09-26,2
PFC-2021-AZ-0FFC560D,Ped,ART-7E291346,abc15.com,2021-09-28,2021-09-27,1
PFC-2021-AZ-0FFC560D,Ped,ART-88257025,azcentral.com,2021-09-28,2021-09-27,1
PFC-2021-AZ-0FFC560D,Ped,ART-1FF2F886,abc15.com,2021-09-27,2021-09-27,0
PFC-2021-CA-334C38A9,Ped,ART-E6BB8D15,iheart.com,2021-09-26,2021-09-25,1
PFC-2021-TX-63FE1CE1,Ped,ART-C291C12F,fox7austin.com,2021-09-24,2021-09-19,5
PFC-2021-AZ-EBAA5278,Ped,ART-F0AD4BBE,kvoa.com,2021-09-21,2021-09-20,1
PFC-2021-CA-AA8E5987,Ped,ART-57DEA7FF,iheart.com,2021-09-08,2021-08-16,23
PFC-2021-CA-AA8E5987,Ped,ART-636D89C3,iheart.com,2021-09-08,2021-08-16,23
PFC-2021-AZ-58935CEE,Ped,ART-5C8E25BF,abc15.com,2021-09-07,2021-09-07,0
PFC-2021-AZ-C92BC21A,Ped,ART-DACA49C8,fox10phoenix.com,2021-09-04,2021-09-03,1
PFC-2021-CA-AA8E5987,Ped,ART-C3CCD7E2,foxla.com,2021-09-01,2021-08-16,16
PFC-2021-TX-526BA6C5,Ped,ART-DA605CB9,fox7austin.com,2021-09-01,2021-08-29,3
PFC-2021-AZ-449FD6C8,Ped,ART-79A91F9D,fox10phoenix.com,2021-10-29,2021-10-29,0
PFC-2021-AZ-449FD6C8,Ped,ART-6A6A202D,abc15.com,2021-10-29,2021-10-29,0
PFC-2021-AZ-731A8072,Ped,ART-9DB5EAFF,fox10phoenix.com,2021-10-28,2021-10-28,0
PFC-2021-AZ-731A8072,Ped,ART-98022A0F,abc15.com,2021-10-28,2021-10-28,0
PFC-2021-CA-0E67E6C0,Ped,ART-B88316EA,iheart.com,2021-10-27,2021-10-25,2
PFC-2021-CA-6B91E65B,Ped,ART-A816D44E,iheart.com,2021-10-27,2021-10-27,0
PFC-2021-TX-A9F2F7CC,Ped,ART-E154EDCA,fox7austin.com,2021-10-20,2021-10-20,0
PFC-2021-CA-4DC4DA18,Ped,ART-C8980A73,foxla.com,2021-10-18,2021-10-17,1
PFC-2021-CA-0CA9FB69,Ped,ART-B1B0887B,iheart.com,2021-10-18,2021-10-16,2
PFC-2021-CA-E8EE196F,Ped,ART-B7DCFEB0,foxla.com,2021-10-18,2021-10-17,1
PFC-2021-CA-0C02B87B,Ped,ART-BD24F42F,sfist.com,2021-10-14,2021-10-13,1
PFC-2021-CA-0C02B87B,Ped,ART-CF00F9A1,sfgate.com,2021-10-14,2021-10-13,1
PFC-2021-TX-3DC6883F,Ped,ART-352BFD49,fox7austin.com,2021-10-14,2021-10-11,3
PFC-2021-TX-3DC6883F,Ped,ART-EC370889,fox7austin.com,2021-10-12,2021-10-11,1
PFC-2021-AZ-0FFC560D,Ped,ART-29C2E6D6,fox10phoenix.com,2021-10-09,2021-09-27,12
PFC-2021-CA-49D02D7C,Ped,ART-03925DDE,canyon-news.com,2021-10-06,2021-10-03,3
PFC-2021-AZ-EA0C3C32,Ped,ART-6D7E58CD,abc15.com,2021-10-01,2021-10-01,0
PFC-2021-CA-C0091FAF,Ped,ART-90ED6A74,ktvu.com,2021-11-30,2021-11-30,0
PFC-2021-AZ-D3DD47DC,Ped,ART-5D586456,azcentral.com,2021-11-29,2021-11-28,1
PFC-2021-CA-0E94BA17,Ped,ART-5A80B94A,iheart.com,2021-11-28,2021-11-27,1
PFC-2021-CA-0E94BA17,Ped,ART-677E698E,iheart.com,2021-11-28,2021-11-27,1
PFC-2021-TX-A11089E7,Ped,ART-5B7B3BDB,fox7austin.com,2021-11-27,2021-11-20,7
PFC-2021-CA-B2A700A4,Ped,ART-E1577C70,sfgate.com,2021-11-11,2021-11-10,1
PFC-2021-AZ-83937967,Ped,ART-F3666F58,fox10phoenix.com,2021-11-10,2021-11-10,0
PFC-2021-AZ-A22DC8D0,Ped,ART-8A90298D,yahoo.com,2021-11-09,2021-11-06,3
PFC-2021-AZ-D2C61F88,Ped,ART-4383CEA8,abc15.com,2021-11-04,2021-03-03,246
PFC-2021-CA-0170B3AE,Ped,ART-208D4049,iheart.com,2021-11-02,2021-11-01,1
PFC-2021-CA-0170B3AE,Ped,ART-39CBE905,iheart.com,2021-11-02,2021-11-01,1
PFC-2021-AZ-542DC4D4,Ped,ART-17ACCC0A,azcentral.com,2021-12-31,2021-12-31,0
PFC-2021-CA-78E21431,Ped,ART-F8DC1798,prweb.com,2021-12-28,2021-07-26,155
PFC-2021-AZ-D21270F8,Ped,ART-33E6A3C9,knau.org,2021-12-16,2021-12-10,6
PFC-2021-TX-BEB1CAF6,Ped,ART-2B961B03,fox7austin.com,2021-12-15,2021-12-14,1
PFC-2021-AZ-D21270F8,Ped,ART-2A8666FC,abc15.com,2021-12-14,2021-12-10,4
PFC-2021-AZ-6770ED33,Ped,ART-F49694D1,yahoo.com,2021-12-13,2021-12-12,1
PFC-2021-AZ-6770ED33,Ped,ART-F957227A,azcentral.com,2021-12-13,2021-12-12,1
PFC-2021-CA-DE609846,Ped,ART-3DEE6BA3,nbclosangeles.com,2021-12-12,2021-12-12,0
PFC-2021-AZ-6D208C57,Ped,ART-E9D88F89,abc15.com,2021-12-11,2021-12-11,0
PFC-2021-AZ-8E6B9EC2,Ped,ART-A4ABBF10,abc15.com,2021-12-11,2021-12-11,0
PFC-2021-AZ-6D208C57,Ped,ART-2EF8B1B8,fox10phoenix.com,2021-12-11,2021-12-11,0
PFC-2021-TX-A4D36B6D,Ped,ART-E167E6FA,fox7austin.com,2021-12-08,2021-12-04,4
PFC-2021-CA-C1BC39E9,Ped,ART-DE83403B,iheart.com,2021-12-07,2021-12-04,3
PFC-2021-TX-BE85E5C1,Ped,ART-DB7B0D9F,fox7austin.com,2021-12-03,2021-11-09,24
PFC-2021-TX-ED55F08D,Ped,ART-1933FD1F,fox7austin.com,2021-12-03,2021-11-23,10
PFC-2021-AZ-505AEB47,Ped,ART-CFA725CE,azcentral.com,2021-12-02,2021-12-02,0
PFC-2022-CA-41A90DFC,Ped,ART-FC0ADFB0,sfchronicle.com,2022-01-31,2022-01-30,1
PFC-2022-AZ-22AAEC1A,Ped,ART-0EA5875E,fox10phoenix.com,2022-01-30,2022-01-29,1
PFC-2022-CA-12B4E934,Ped,ART-EB1187EC,iheart.com,2022-01-29,2022-01-27,2
PFC-2022-AZ-EDA438EA,Ped,ART-F9E85B91,abc15.com,2022-01-28,2022-01-14,14
PFC-2022-CA-169DFDB7,Ped,ART-96E65C2E,iheart.com,2022-01-23,2022-01-21,2
PFC-2022-CA-169DFDB7,Ped,ART-7CC585D2,iheart.com,2022-01-23,2022-01-21,2
PFC-2022-CA-A22FF265,Ped,ART-4DDEF303,foxnews.com,2022-01-21,2022-01-11,10
PFC-2022-AZ-1CCE7E06,Ped,ART-3B4B8AC5,abc15.com,2022-01-15,2022-01-14,1
PFC-2022-AZ-19F9F5E7,Ped,ART-D659326A,fox10phoenix.com,2022-01-05,2022-01-01,4
PFC-2022-AZ-B007F4D8,Ped,ART-8F69B7C8,fox10phoenix.com,2022-02-24,2022-02-19,5
PFC-2022-TX-64866981,Ped,ART-9F3D9856,statesman.com,2022-02-21,2022-02-21,0
PFC-2022-AZ-5CFDD6ED,Ped,ART-6C23250A,abc15.com,2022-02-19,2022-02-19,0
PFC-2022-CA-B5D79446,Ped,ART-73A05D15,latimes.com,2022-02-18,2022-02-17,1
PFC-2022-CA-B5D79446,Ped,ART-87A590B7,patch.com,2022-02-18,2022-02-17,1
PFC-2022-CA-B5D79446,Ped,ART-A1FC9D0E,iheart.com,2022-02-18,2022-02-17,1
PFC-2022-CA-B5D79446,Ped,ART-F527A9E2,iheart.com,2022-02-18,2022-02-17,1
PFC-2022-CA-12B4E934,Ped,ART-A92CBF9D,iheart.com,2022-02-18,2022-01-27,22
PFC-2022-CA-12B4E934,Ped,ART-0B0CE3F9,iheart.com,2022-02-17,2022-01-27,21
PFC-2022-TX-F59BF45C,Ped,ART-9D2004A3,fox7austin.com,2022-02-16,2022-02-16,0
PFC-2022-CA-B2D08F28,Ped,ART-8790E9AB,lbpost.com,2022-02-11,2022-02-11,0
PFC-2022-AZ-47D04778,Ped,ART-A33AF58A,knau.org,2022-02-07,2022-02-02,5
PFC-2022-TX-C242C7D9,Ped,ART-4C1E9F63,fox7austin.com,2022-02-01,2022-01-29,3
PFC-2022-AZ-2FB61BA5,Ped,ART-178A9880,abc15.com,2022-03-22,2022-03-22,0
PFC-2022-CA-CE9ED2A7,Ped,ART-970DB7BA,foxla.com,2022-03-10,2022-02-26,12
PFC-2022-CA-00A54B24,Ped,ART-5BDFDC21,foxla.com,2022-03-04,2022-03-04,0
PFC-2022-TX-6FE95E45,Ped,ART-34781A69,fox7austin.com,2022-04-28,2022-04-28,0
PFC-2022-AZ-054DEB00,Ped,ART-A74C4144,abc15.com,2022-04-27,2022-04-27,0
PFC-2022-CA-8DC2FBC2,Ped,ART-5D5C107F,foxla.com,2022-04-24,2022-04-22,2
PFC-2022-CA-8DC2FBC2,Ped,ART-3157FB83,iheart.com,2022-04-23,2022-04-22,1
PFC-2022-CA-8DC2FBC2,Ped,ART-F3F31637,iheart.com,2022-04-23,2022-04-22,1
PFC-2022-CA-8DC2FBC2,Ped,ART-3CC6C2BE,foxla.com,2022-04-22,2022-04-22,0
PFC-2022-CA-041BAF06,Ped,ART-4DDC9F41,latimes.com,2022-04-21,2022-04-21,0
PFC-2022-CA-EDECD7BF,Ped,ART-1CFABEE7,iheart.com,2022-04-15,2022-04-14,1
PFC-2022-CA-3A648DCC,Ped,ART-15AA3DD3,iheart.com,2022-04-15,2022-04-12,3
PFC-2022-CA-4973B8FF,Ped,ART-FF74AE94,ktvu.com,2022-04-12,2022-04-07,5
PFC-2022-NV-9958ACE4,Ped,ART-D9050CA5,ktnv.com,2022-04-10,2022-04-09,1
PFC-2022-AZ-5CCCF91A,Ped,ART-D4CEF6D0,fox10phoenix.com,2022-04-10,2022-04-08,2
PFC-2022-CA-0508CEEA,Ped,ART-8F60FC45,nbclosangeles.com,2022-04-07,2022-04-07,0
PFC-2022-CA-36D1127A,Ped,ART-04EC8144,patch.com,2022-04-06,2022-04-05,1
PFC-2022-AZ-8303998B,Ped,ART-8D5B1B29,abc15.com,2022-04-05,2022-04-05,0
PFC-2022-AZ-8303998B,Ped,ART-D75A1E51,fox10phoenix.com,2022-04-05,2022-04-05,0
PFC-2022-CA-3FC2589F,Ped,ART-98986C69,foxla.com,2022-04-03,2022-04-02,1
PFC-2022-CA-EBFF211A,Ped,ART-BF123815,foxla.com,2022-04-02,2022-04-01,1
PFC-2022-TX-8C4B8CD1,Ped,ART-46B48DDA,fox7austin.com,2022-04-02,2022-02-27,34
PFC-2022-AZ-E372499B,Ped,ART-74E7F42B,abc15.com,2022-05-30,2022-05-28,2
PFC-2022-TX-331A5178,Ped,ART-C817AF28,fox7austin.com,2022-05-28,2022-05-21,7
PFC-2022-CA-EF5E2E01,Ped,ART-37580354,iheart.com,2022-05-28,2022-05-25,3
PFC-2022-CA-B6981FDC,Ped,ART-F4116FB6,turnto23.com,2022-05-23,2022-05-22,1
PFC-2022-CA-B6981FDC,Ped,ART-441F6EFD,ktvu.com,2022-05-23,2022-05-22,1
PFC-2022-CA-B6981FDC,Ped,ART-858B363D,sfgate.com,2022-05-23,2022-05-22,1
PFC-2022-CA-53751D4C,Ped,ART-688E92D9,latimes.com,2022-05-16,2022-05-15,1
PFC-2022-CA-0A3CBC37,Ped,ART-FC101473,iheart.com,2022-05-13,2022-04-27,16
PFC-2022-CA-B0B10286,Ped,ART-89DF0502,latimes.com,2022-05-12,2022-05-12,0
PFC-2022-AZ-81395BCC,Ped,ART-153D300E,fox10phoenix.com,2022-05-11,2022-05-11,0
PFC-2022-AZ-1BF07B24,Ped,ART-6563DDC9,abc15.com,2022-05-08,2022-05-07,1
PFC-2022-AZ-9EC8AFAC,Ped,ART-ABA3662E,fox10phoenix.com,2022-05-07,2022-05-07,0
PFC-2022-CA-675EBFB4,Ped,ART-F486D766,latimes.com,2022-05-06,2022-05-05,1
PFC-2022-AZ-088D15B0,Ped,ART-93819E42,azcentral.com,2022-05-05,2022-05-04,1
PFC-2022-AZ-7303047B,Ped,ART-EABF860D,azcentral.com,2022-05-05,2022-05-04,1
PFC-2022-CA-F5A11ED5,Ped,ART-3B71EF50,ktvu.com,2022-05-03,2022-05-01,2
PFC-2022-CA-465B1D84,Ped,ART-674D9E6F,foxla.com,2022-05-02,2022-05-02,0
PFC-2022-AZ-42A456F2,Ped,ART-67202DCF,fox10phoenix.com,2022-05-01,2022-05-01,0
PFC-2022-AZ-F56B056B,Ped,ART-F736639D,fox10phoenix.com,2022-06-30,2022-06-30,0
PFC-2022-AZ-F56B056B,Ped,ART-C58227AE,yahoo.com,2022-06-30,2022-06-30,0
PFC-2022-AZ-F56B056B,Ped,ART-C2F6302B,abc15.com,2022-06-30,2022-06-30,0
PFC-2022-AZ-A7ACDA01,Ped,ART-5DAAB71B,azcentral.com,2022-06-21,2022-06-20,1
PFC-2022-AZ-A7ACDA01,Ped,ART-5AE0A73A,fox10phoenix.com,2022-06-20,2022-06-20,0
PFC-2022-AZ-A7ACDA01,Ped,ART-5F7829B5,abc15.com,2022-06-20,2022-06-20,0
PFC-2022-TX-73818385,Ped,ART-A4F33528,fox7austin.com,2022-06-20,2022-06-20,0
PFC-2022-AZ-399E1172,Ped,ART-001CF482,abc15.com,2022-06-18,2022-06-17,1
PFC-2022-CA-F4AABCF4,Ped,ART-F61CF884,foxla.com,2022-06-16,2022-06-15,1
PFC-2022-CA-F4AABCF4,Ped,ART-C70B761E,latimes.com,2022-06-16,2022-06-15,1
PFC-2022-AZ-BC51A618,Ped,ART-98F64F87,fox10phoenix.com,2022-06-08,2022-06-08,0
PFC-2022-AZ-BC51A618,Ped,ART-787EF1F7,abc15.com,2022-06-07,2022-06-08,-1
PFC-2022-CA-0D375801,Ped,ART-AD48F5C5,theepochtimes.com,2022-06-01,2022-06-01,0
PFC-2022-CA-0D375801,Ped,ART-FACE9594,patch.com,2022-06-01,2022-06-01,0
PFC-2022-CA-FD7DB92D,Ped,ART-58D3380B,iheart.com,2022-07-18,2022-07-17,1
PFC-2022-CA-B3EED63D,Ped,ART-361AE8B5,iheart.com,2022-07-08,2022-07-02,6
PFC-2022-NV-2EB84DDD,Ped,ART-7C9B7E67,lasvegassun.com,2022-07-05,2022-07-04,1
PFC-2022-CA-53B8342C,Ped,ART-547BEF5B,foxla.com,2022-07-03,2022-07-03,0
PFC-2022-CA-53B8342C,Ped,ART-230B4ED6,theepochtimes.com,2022-07-03,2022-07-03,0
PFC-2022-TX-5C65F71C,Ped,ART-2F217DE9,kxxv.com,2022-07-02,2022-07-02,0
PFC-2022-AZ-F56B056B,Ped,ART-D3FB5BD9,arizonadailyindependent.com,2022-07-01,2022-06-30,1
PFC-2022-CA-2224C04C,Ped,ART-678A8A3E,sfist.com,2022-08-26,2022-08-25,1
PFC-2022-CA-1F58FEC2,Ped,ART-C660CEA7,wn.com,2022-08-26,2022-08-25,1
PFC-2022-CA-1F58FEC2,Ped,ART-01BF4F81,ktvu.com,2022-08-26,2022-08-25,1
PFC-2022-TX-AA52AE2C,Ped,ART-2F5AC58C,fox7austin.com,2022-08-21,2022-08-17,4
PFC-2022-CA-511B1E07,Ped,ART-392C889D,foxla.com,2022-08-11,2022-07-28,14
PFC-2022-AZ-118B5BD5,Ped,ART-9218D4EF,arizonadailyindependent.com,2022-08-11,2022-08-10,1
PFC-2022-AZ-118B5BD5,Ped,ART-6BC6061C,abc15.com,2022-08-10,2022-08-10,0
PFC-2022-NV-20F9784A,Ped,ART-020DD60D,ktnv.com,2022-08-09,2022-08-09,0
PFC-2022-CA-EA6DB46F,Ped,ART-E24CB523,patch.com,2022-09-29,2022-09-29,0
PFC-2022-CA-BF4A479D,Ped,ART-3CDD6A27,iheart.com,2022-09-29,2022-09-28,1
PFC-2022-NV-65BCDBAF,Ped,ART-36B120AB,ktnv.com,2022-09-23,2022-09-23,0
PFC-2022-AZ-F15E44E3,Ped,ART-5428CEAA,abc15.com,2022-09-20,2022-09-20,0
PFC-2022-TX-687F4D08,Ped,ART-ACAC809C,fox7austin.com,2022-09-19,2022-09-18,1
PFC-2022-AZ-A7486DCE,Ped,ART-3E467926,arizonadailyindependent.com,2022-09-18,2022-09-16,2
PFC-2022-AZ-A7486DCE,Ped,ART-F3259B78,abc15.com,2022-09-17,2022-09-16,1
PFC-2022-AZ-A7486DCE,Ped,ART-47F77BE2,abc15.com,2022-09-16,2022-09-16,0
PFC-2022-AZ-A7486DCE,Ped,ART-77C6CED6,abc15.com,2022-09-16,2022-09-16,0
PFC-2022-CA-BDCA00AD,Ped,ART-156EAD1A,patch.com,2022-09-14,2022-09-12,2
PFC-2022-CA-FB20CADF,Ped,ART-5EC85BF7,iheart.com,2022-09-14,2022-09-12,2
PFC-2022-CA-FB20CADF,Ped,ART-23CBE77E,foxla.com,2022-09-13,2022-09-12,1
PFC-2022-AZ-13B09D4F,Ped,ART-D06B93A2,fox10phoenix.com,2022-09-03,2022-09-02,1
PFC-2022-AZ-13B09D4F,Ped,ART-9549C5E3,abc15.com,2022-09-03,2022-09-02,1
PFC-2022-CA-4F797A7C,Ped,ART-539FEF18,foxla.com,2022-09-02,2022-08-16,17
PFC-2022-AZ-1DA6DCF9,Ped,ART-FF065670,arizonadailyindependent.com,2022-10-29,2022-10-28,1
PFC-2022-CA-DA3B4B38,Ped,ART-01CC0457,patch.com,2022-10-28,2022-10-27,1
PFC-2022-TX-F832054C,Ped,ART-B00E493E,fox7austin.com,2022-10-27,2022-10-26,1
PFC-2022-CA-379A47A1,Ped,ART-121D79C0,ktvu.com,2022-10-27,2022-10-24,3
PFC-2022-CA-379A47A1,Ped,ART-9887DA9A,ktvu.com,2022-10-26,2022-10-24,2
PFC-2022-CA-379A47A1,Ped,ART-A78FE745,sfist.com,2022-10-26,2022-10-24,2
PFC-2022-TX-1DD129ED,Ped,ART-DE1F9668,fox7austin.com,2022-10-21,2022-10-20,1
PFC-2022-AZ-5A6C3312,Ped,ART-10329F11,fox10phoenix.com,2022-10-19,2022-10-18,1
PFC-2022-NV-FAB1CA4B,Ped,ART-4EC076A8,ktnv.com,2022-10-19,2022-10-18,1
PFC-2022-TX-1C648786,Ped,ART-7A8CA5F8,fox7austin.com,2022-10-12,2022-10-12,0
PFC-2022-CA-09A86A85,Ped,ART-62A979F4,iheart.com,2022-10-12,2022-10-08,4
PFC-2022-CA-09A86A85,Ped,ART-0DD13E30,foxla.com,2022-10-10,2022-10-08,2
PFC-2022-AZ-3F174712,Ped,ART-F17BF83F,abc15.com,2022-10-09,2022-10-09,0
PFC-2022-CA-09A86A85,Ped,ART-22E5993B,iheart.com,2022-10-09,2022-10-08,1
PFC-2022-CA-09A86A85,Ped,ART-76CA21F0,iheart.com,2022-10-09,2022-10-08,1
PFC-2022-CA-09A86A85,Ped,ART-4D6E96B1,foxla.com,2022-10-09,2022-10-08,1
PFC-2022-AZ-A6D070EF,Ped,ART-26CF64D7,arizonadailyindependent.com,2022-10-06,2022-10-04,2
PFC-2022-AZ-A6D070EF,Ped,ART-B3C02F14,fox10phoenix.com,2022-10-05,2022-10-04,1
PFC-2022-CA-A0DB8DB7,Ped,ART-9269151F,yahoo.com,2022-10-04,2022-10-04,0
PFC-2022-CA-A0DB8DB7,Ped,ART-78C38394,latimes.com,2022-10-04,2022-10-04,0
PFC-2022-AZ-58BA00EB,Ped,ART-8FB8F943,fox10phoenix.com,2022-10-03,2022-10-03,0
PFC-2022-AZ-0B8DDF5D,Ped,ART-09FEB6B2,fox10phoenix.com,2022-11-30,2022-11-29,1
PFC-2022-AZ-0B8DDF5D,Ped,ART-5B6F80EA,azcentral.com,2022-11-30,2022-11-29,1
PFC-2022-AZ-144757F3,Ped,ART-72615BB8,azcentral.com,2022-11-27,2022-11-26,1
PFC-2022-AZ-AC8172CE,Ped,ART-9080648D,fox10phoenix.com,2022-11-25,2022-11-25,0
PFC-2022-AZ-D066C914,Ped,ART-32401AF4,abc15.com,2022-11-23,2022-11-23,0
PFC-2022-AZ-86FC473B,Ped,ART-3E1B6921,yahoo.com,2022-11-23,2022-11-21,2
PFC-2022-CA-C2F2CB00,Ped,ART-C6808827,iheart.com,2022-11-20,2022-11-19,1
PFC-2022-AZ-92F5BA5A,Ped,ART-56C073B5,azcentral.com,2022-11-17,2022-11-16,1
PFC-2022-AZ-92F5BA5A,Ped,ART-29D31130,fox10phoenix.com,2022-11-17,2022-11-16,1
PFC-2022-AZ-92F5BA5A,Ped,ART-21B67953,abc15.com,2022-11-17,2022-11-16,1
PFC-2022-AZ-72E34672,Ped,ART-BDEBD099,azcentral.com,2022-11-10,2022-11-09,1
PFC-2022-AZ-A6863042,Ped,ART-D598B449,arizonadailyindependent.com,2022-11-10,2022-11-09,1
PFC-2022-CA-97003A16,Ped,ART-C8FB85A2,foxla.com,2022-11-09,2022-11-09,0
PFC-2022-CA-97003A16,Ped,ART-C7DC78E7,iheart.com,2022-11-09,2022-11-09,0
PFC-2022-AZ-BB0BB542,Ped,ART-B3EE3EE8,abc15.com,2022-11-04,2022-11-03,1
PFC-2022-CA-33DE1C22,Ped,ART-FC5D7850,smdailyjournal.com,2022-11-02,2022-11-02,0
PFC-2022-CA-767B2B22,Ped,ART-5EE8CC2A,foxla.com,2022-11-01,2022-11-01,0
PFC-2022-TX-CB431D53,Ped,ART-DC8274D8,fox7austin.com,2022-12-30,2022-12-22,8
PFC-2022-NV-2D9DE01F,Ped,ART-89CBEA44,wjon.com,2022-12-30,2022-12-28,2
PFC-2022-CA-6932970F,Ped,ART-CBD5A0A3,iheart.com,2022-12-30,2022-12-28,2
PFC-2022-CA-EB4FE5AE,Ped,ART-7D0A6C80,atlantablackstar.com,2022-12-29,2022-12-24,5
PFC-2022-CA-DF5E65D4,Ped,ART-EDB8313F,sfexaminer.com,2022-12-29,2022-12-28,1
PFC-2022-CA-EB4FE5AE,Ped,ART-CFE9175B,latimes.com,2022-12-28,2022-12-24,4
PFC-2022-AZ-6D85A552,Ped,ART-DE77093F,yahoo.com,2022-12-27,2022-12-26,1
PFC-2022-AZ-743B6E3F,Ped,ART-827FD3C9,azcentral.com,2022-12-27,2022-12-19,8
PFC-2022-CA-6932970F,Ped,ART-5C0929CE,foxla.com,2022-12-27,2022-12-28,-1
PFC-2022-CA-EB4FE5AE,Ped,ART-B80E8ACD,foxla.com,2022-12-25,2022-12-24,1
PFC-2022-CA-EB4FE5AE,Ped,ART-813540B6,foxla.com,2022-12-25,2022-12-24,1
PFC-2022-TX-5ABD9C77,Ped,ART-AA9773FF,fox7austin.com,2022-12-19,2022-12-16,3
PFC-2022-NV-A841A386,Ped,ART-D7B11080,ktnv.com,2022-12-18,2022-12-16,2
PFC-2022-AZ-3A897A72,Ped,ART-90C89B64,abc15.com,2022-12-15,2022-12-14,1
PFC-2022-AZ-BFBCFC67,Ped,ART-D53A2A6D,fox10phoenix.com,2022-12-07,2022-12-06,1
PFC-2022-AZ-C7C579CC,Ped,ART-2FAE77CB,abc15.com,2022-12-07,2022-12-07,0
PFC-2022-AZ-BFBCFC67,Ped,ART-A9ECAC24,arizonadailyindependent.com,2022-12-07,2022-12-06,1
PFC-2022-AZ-BFBCFC67,Ped,ART-23F583E2,abc15.com,2022-12-06,2022-12-06,0
PFC-2022-AZ-BFBCFC67,Ped,ART-CD93447C,arizonadailyindependent.com,2022-12-06,2022-12-06,0
PFC-2022-AZ-BFBCFC67,Ped,ART-CC7EFF82,azcentral.com,2022-12-05,2022-12-06,-1
PFC-2022-AZ-BFBCFC67,Ped,ART-128FA81B,abc15.com,2022-12-05,2022-12-06,-1
PFC-2022-AZ-BFBCFC67,Ped,ART-90B604EC,fox10phoenix.com,2022-12-05,2022-12-06,-1
PFC-2022-AZ-1E6DF448,Ped,ART-786F3BAA,azcentral.com,2022-12-02,2022-12-01,1
PFC-2023-CA-7F34C39E,Ped,ART-6C17F245,theepochtimes.com,2023-01-27,2023-01-09,18
PFC-2023-CA-8FC7270E,Ped,ART-47733BCC,nbclosangeles.com,2023-01-26,2023-01-26,0
PFC-2023-NV-CD286F14,Ped,ART-DABD38AA,lasvegassun.com,2023-01-26,2023-01-25,1
PFC-2023-CA-3C4C7F8C,Ped,ART-465F524D,iheart.com,2023-01-25,2023-01-25,0
PFC-2023-CA-8EDEBC89,Ped,ART-D1864541,foxla.com,2023-01-24,2023-01-23,1
PFC-2023-CA-690D4FCD,Ped,ART-D16F6706,sfexaminer.com,2023-01-23,2023-01-23,0
PFC-2023-CA-F6A5FA29,Ped,ART-42383F50,ktvu.com,2023-01-23,2023-01-22,1
PFC-2023-NV-4A18E62F,Ped,ART-47B2DC19,ktnv.com,2023-01-22,2023-01-21,1
PFC-2023-AZ-022CAC95,Ped,ART-EA933D08,fox10phoenix.com,2023-01-20,2023-01-20,0
PFC-2023-AZ-022CAC95,Ped,ART-7F86B502,abc15.com,2023-01-20,2023-01-20,0
PFC-2023-AZ-4CB9E447,Ped,ART-4BB1944A,azcentral.com,2023-01-19,2023-01-18,1
PFC-2023-AZ-4CB9E447,Ped,ART-725A6021,abc15.com,2023-01-19,2023-01-18,1
PFC-2023-AZ-D8AB91E4,Ped,ART-FDDCFE0D,abc15.com,2023-01-19,2023-01-19,0
PFC-2023-CA-5331211F,Ped,ART-711C9D49,nbclosangeles.com,2023-01-17,2023-01-17,0
PFC-2023-AZ-215F341D,Ped,ART-54FD06F1,abc15.com,2023-01-15,2023-01-14,1
PFC-2023-CA-C180E259,Ped,ART-3B2E92C9,nbclosangeles.com,2023-01-11,2023-01-11,0
PFC-2023-CA-054A7EAA,Ped,ART-5F73836F,patch.com,2023-01-10,2023-01-09,1
PFC-2023-CA-4A33B0BC,Ped,ART-82CB3626,iheart.com,2023-01-10,2023-01-10,0
PFC-2023-AZ-2E813CDB,Ped,ART-2849437E,fox10phoenix.com,2023-02-25,2023-02-25,0
PFC-2023-AZ-2E813CDB,Ped,ART-FBB35D6E,yahoo.com,2023-02-25,2023-02-25,0
PFC-2023-AZ-2E813CDB,Ped,ART-7FBAC9F2,abc15.com,2023-02-25,2023-02-25,0
PFC-2023-CA-2C3D69BB,Ped,ART-D849E89A,sfexaminer.com,2023-02-23,2023-02-22,1
PFC-2023-CA-2C3D69BB,Ped,ART-C7A15C33,usatoday.com,2023-02-23,2023-02-22,1
PFC-2023-CA-D3D63EA7,Ped,ART-71A3729B,iheart.com,2023-02-22,2023-02-19,3
PFC-2023-CA-D3D63EA7,Ped,ART-4671B981,iheart.com,2023-02-22,2023-02-19,3
PFC-2023-CA-D3D63EA7,Ped,ART-C739C00D,iheart.com,2023-02-22,2023-02-19,3
PFC-2023-CA-D3D63EA7,Ped,ART-4465F0C2,iheart.com,2023-02-22,2023-02-19,3
PFC-2023-CA-D3D63EA7,Ped,ART-C7014461,iheart.com,2023-02-22,2023-02-19,3
PFC-2023-CA-D3D63EA7,Ped,ART-450B6ABF,iheart.com,2023-02-22,2023-02-19,3
PFC-2023-CA-D3D63EA7,Ped,ART-F7AFDA96,iheart.com,2023-02-22,2023-02-19,3
PFC-2023-CA-D3D63EA7,Ped,ART-7473DE4E,iheart.com,2023-02-22,2023-02-19,3
PFC-2023-CA-D3D63EA7,Ped,ART-77D2A781,iheart.com,2023-02-22,2023-02-19,3
PFC-2023-CA-D3D63EA7,Ped,ART-3BB3498F,iheart.com,2023-02-22,2023-02-19,3
PFC-2023-CA-D3D63EA7,Ped,ART-46901D3B,iheart.com,2023-02-22,2023-02-19,3
PFC-2023-CA-2C3D69BB,Ped,ART-8613404B,ksro.com,2023-02-22,2023-02-22,0
PFC-2023-CA-D3D63EA7,Ped,ART-922CF820,go.com,2023-02-22,2023-02-19,3
PFC-2023-CA-6AB2D217,Ped,ART-E6F428BB,nextshark.com,2023-02-21,2023-02-19,2
PFC-2023-AZ-EFB03476,Ped,ART-FEF8B938,abc15.com,2023-02-18,2023-02-18,0
PFC-2023-AZ-1B12319A,Ped,ART-6A22DDAB,fox10phoenix.com,2023-02-17,2023-02-14,3
PFC-2023-CA-2DA55672,Ped,ART-CF79685E,iheart.com,2023-02-15,2023-02-15,0
PFC-2023-CA-2DA55672,Ped,ART-E56DF72A,iheart.com,2023-02-15,2023-02-15,0
PFC-2023-CA-2DA55672,Ped,ART-72868FC8,iheart.com,2023-02-15,2023-02-15,0
PFC-2023-CA-2DA55672,Ped,ART-BAD0A70A,iheart.com,2023-02-15,2023-02-15,0
PFC-2023-AZ-66FFA72E,Ped,ART-D5DB3E1E,abc15.com,2023-02-12,2023-02-11,1
PFC-2023-AZ-66FFA72E,Ped,ART-032EEC22,fox10phoenix.com,2023-02-12,2023-02-11,1
PFC-2023-AZ-C5223858,Ped,ART-4C33E61A,fox10phoenix.com,2023-02-08,2023-02-07,1
PFC-2023-AZ-C5223858,Ped,ART-B27370EF,arizonadailyindependent.com,2023-02-08,2023-02-07,1
PFC-2023-AZ-C5223858,Ped,ART-43893962,abc15.com,2023-02-07,2023-02-07,0
PFC-2023-AZ-C5223858,Ped,ART-E3478246,fox10phoenix.com,2023-02-07,2023-02-07,0
PFC-2023-TX-4466A62B,Ped,ART-E5170C52,fox7austin.com,2023-02-05,2023-02-04,1
PFC-2023-CA-4A33B0BC,Ped,ART-3685916B,canyon-news.com,2023-03-30,2023-01-10,79
PFC-2023-CA-17A284C2,Ped,ART-DEC8083C,abc7.com,2023-03-25,2023-03-24,1
PFC-2023-AZ-8B8C456E,Ped,ART-75FE2793,arizonadailyindependent.com,2023-03-24,2023-03-23,1
PFC-2023-AZ-8B8C456E,Ped,ART-56BBC77A,abc15.com,2023-03-23,2023-03-23,0
PFC-2023-CA-F72BA736,Ped,ART-AC73F56B,foxla.com,2023-03-20,2023-03-19,1
PFC-2023-TX-10A42052,Ped,ART-C59A2A22,brownwoodnews.com,2023-03-18,2023-03-18,0
PFC-2023-CA-FAC4B3D2,Ped,ART-AF427790,foxla.com,2023-03-16,2023-02-26,18
PFC-2023-AZ-163AC9C3,Ped,ART-5C2AA2EA,fox10phoenix.com,2023-03-14,2023-03-13,1
PFC-2023-AZ-66FFA72E,Ped,ART-19DB89ED,yahoo.com,2023-03-05,2023-02-11,22
PFC-2023-CA-9DDDE3D5,Ped,ART-8821EBC9,iheart.com,2023-04-27,2023-04-27,0
PFC-2023-CA-8AEBF5A5,Ped,ART-E84DF09B,yahoo.com,2023-04-25,2023-04-25,0
PFC-2023-CA-8AEBF5A5,Ped,ART-C9A19FF7,latimes.com,2023-04-25,2023-04-25,0
PFC-2023-CA-4DA5B391,Ped,ART-8F66BF02,eastbaytimes.com,2023-04-23,2023-04-22,1
PFC-2023-AZ-85982523,Ped,ART-32479147,fox10phoenix.com,2023-04-23,2023-04-23,0
PFC-2023-AZ-85982523,Ped,ART-3342809E,abc15.com,2023-04-23,2023-04-23,0
PFC-2023-AZ-85982523,Ped,ART-BA7D1465,abc15.com,2023-04-22,2023-04-23,-1
PFC-2023-CA-D1494688,Ped,ART-73F38404,canyon-news.com,2023-04-10,2023-04-06,4
PFC-2023-CA-EC831E1C,Ped,ART-5D93CA0D,dailynews.com,2023-04-09,2023-04-06,3
PFC-2023-AZ-6A9B92C8,Ped,ART-2CAB670F,abc15.com,2023-04-06,2023-04-03,3
PFC-2023-NV-3C8B926D,Ped,ART-0CB9E023,lasvegassun.com,2023-04-05,2023-04-04,1
PFC-2023-AZ-6A9B92C8,Ped,ART-45BEBF35,fox10phoenix.com,2023-04-03,2023-04-03,0
PFC-2023-AZ-EEF94346,Ped,ART-13056663,abc15.com,2023-05-30,2023-05-30,0
PFC-2023-TX-34746093,Ped,ART-EA29FE2C,fox7austin.com,2023-05-29,2023-05-29,0
PFC-2023-AZ-F8E3FEFF,Ped,ART-E73DFE8F,fox10phoenix.com,2023-05-28,2023-05-28,0
PFC-2023-AZ-F8E3FEFF,Ped,ART-A8F79FE7,abc15.com,2023-05-28,2023-05-28,0
PFC-2023-TX-107440B8,Ped,ART-80493B0E,fox7austin.com,2023-05-26,2023-05-25,1
PFC-2023-CA-C0BCE337,Ped,ART-AFA68267,nbclosangeles.com,2023-05-21,2023-05-21,0
PFC-2023-TX-C70D9C0A,Ped,ART-A527EE47,fox7austin.com,2023-05-20,2023-05-20,0
PFC-2023-AZ-5F046A9C,Ped,ART-CFE18389,abc15.com,2023-05-19,2023-05-19,0
PFC-2023-AZ-58F90AE0,Ped,ART-EEE95D97,arizonadailyindependent.com,2023-05-19,2023-05-17,2
PFC-2023-AZ-49A54F72,Ped,ART-C37F40E5,abc15.com,2023-05-17,2023-05-17,0
PFC-2023-CA-3AFA03B2,Ped,ART-E4EB3D5F,yahoo.com,2023-05-15,2023-05-14,1
PFC-2023-CA-4D3E32FE,Ped,ART-03FBB6A2,iheart.com,2023-05-14,2023-05-13,1
PFC-2023-AZ-AD9F030A,Ped,ART-0849575B,fox10phoenix.com,2023-05-12,2023-05-11,1
PFC-2023-AZ-AD9F030A,Ped,ART-6AF438A9,abc15.com,2023-05-12,2023-05-11,1
PFC-2023-CA-4754A6BD,Ped,ART-E7C745D7,abc7.com,2023-05-12,2023-05-11,1
PFC-2023-AZ-F430953E,Ped,ART-968025A6,abc15.com,2023-05-10,2023-05-09,1
PFC-2023-CA-0B704C8B,Ped,ART-E4029B29,foxla.com,2023-05-02,2023-05-02,0
PFC-2023-CA-FE804BFE,Ped,ART-C7C28BE8,ktvu.com,2023-06-28,2023-06-16,12
PFC-2023-AZ-C70B853C,Ped,ART-1BBA4576,pacificattorneygroup.com,2023-06-27,2023-06-26,1
PFC-2023-TX-9DBE0F6C,Ped,ART-E3029575,statesman.com,2023-06-25,2023-06-24,1
PFC-2023-CA-4896F872,Ped,ART-E5D1AE87,pacificattorneygroup.com,2023-06-24,2023-06-23,1
PFC-2023-CA-51C231A5,Ped,ART-FC3145B7,rafu.com,2023-06-22,2023-06-19,3
PFC-2023-CA-51C231A5,Ped,ART-986EF462,dailynews.com,2023-06-19,2023-06-19,0
PFC-2023-CA-51C231A5,Ped,ART-10A06F02,foxla.com,2023-06-19,2023-06-19,0
PFC-2023-CA-51C231A5,Ped,ART-97DF81AB,iheart.com,2023-06-19,2023-06-19,0
PFC-2023-TX-8E7A97B7,Ped,ART-9847B2F1,fox7austin.com,2023-06-17,2023-06-17,0
PFC-2023-AZ-CC67554D,Ped,ART-5C0879EB,fox10phoenix.com,2023-06-12,2023-06-10,2
PFC-2023-NV-5D2A686D,Ped,ART-B305775C,news3lv.com,2023-06-09,2023-06-09,0
PFC-2023-CA-FD028330,Ped,ART-8B3F8453,foxla.com,2023-06-08,2023-06-07,1
PFC-2023-CA-FD028330,Ped,ART-9EE754C6,abc7.com,2023-06-08,2023-06-07,1
PFC-2023-AZ-71FB67FF,Ped,ART-C6758502,abc15.com,2023-06-01,2023-06-01,0
PFC-2023-CA-06B104D6,Ped,ART-602FE935,abc7.com,2023-07-30,2023-07-29,1
PFC-2023-CA-71898AD8,Ped,ART-2F9B0A60,iheart.com,2023-07-22,2023-07-21,1
PFC-2023-CA-00EA695A,Ped,ART-2BD3B3CF,theepochtimes.com,2023-07-17,2023-07-17,0
PFC-2023-CA-B30C6C6F,Ped,ART-64F43DBD,theepochtimes.com,2023-07-16,2023-07-14,2
PFC-2023-CA-010E6600,Ped,ART-F74008FC,yahoo.com,2023-07-14,2023-07-13,1
PFC-2023-AZ-ED5C4FA0,Ped,ART-92ECBA1A,pacificattorneygroup.com,2023-07-12,2023-07-11,1
PFC-2023-AZ-A5A290C9,Ped,ART-D6CBDA20,fox10phoenix.com,2023-07-07,2023-07-05,2
PFC-2023-CA-DC10E19F,Ped,ART-D007E904,iheart.com,2023-08-28,2023-08-28,0
PFC-2023-AZ-FFB753C7,Ped,ART-B0178BBC,fox10phoenix.com,2023-08-23,2023-08-22,1
PFC-2023-AZ-FFB753C7,Ped,ART-438B68A5,abc15.com,2023-08-22,2023-08-22,0
PFC-2023-AZ-C41AEF0A,Ped,ART-EE911B81,arizonadailyindependent.com,2023-08-18,2023-08-15,3
PFC-2023-CA-F4B8132B,Ped,ART-AD6F8D61,radaronline.com,2023-08-15,2023-08-09,6
PFC-2023-AZ-D92F8CD5,Ped,ART-94D8C260,azcentral.com,2023-08-14,2023-08-13,1
PFC-2023-AZ-63637266,Ped,ART-346F5748,abc15.com,2023-08-14,2023-08-13,1
PFC-2023-AZ-9501A820,Ped,ART-45A1BB25,abc15.com,2023-08-12,2023-08-12,0
PFC-2023-CA-71898AD8,Ped,ART-03E82925,abc7.com,2023-08-11,2023-07-21,21
PFC-2023-CA-FA0BA55F,Ped,ART-2176C49A,iheart.com,2023-08-10,2023-08-09,1
PFC-2023-CA-F4B8132B,Ped,ART-E42E5ED1,abc7.com,2023-08-09,2023-08-09,0
PFC-2023-AZ-A73C6F85,Ped,ART-93B95FA2,azfamily.com,2023-08-01,2023-07-28,4
PFC-2023-CA-DBF0D932,Ped,ART-5FA1BA87,iheart.com,2023-09-30,2023-09-30,0
PFC-2023-NV-E11824B9,Ped,ART-41A6ED3B,news3lv.com,2023-09-28,2023-05-02,149
PFC-2023-NV-966CFBFB,Ped,ART-1F8FEAFF,yahoo.com,2023-09-27,2023-09-27,0
PFC-2023-CA-D1C0491B,Ped,ART-CB742384,mynewsla.com,2023-09-26,2023-09-25,1
PFC-2023-NV-4ED17D77,Ped,ART-3F54352B,yahoo.com,2023-09-25,2023-09-19,6
PFC-2023-NV-DEB30738,Ped,ART-F76CB635,yahoo.com,2023-09-25,2023-09-25,0
PFC-2023-CA-9D935853,Ped,ART-E17C473F,canyon-news.com,2023-09-25,2023-09-24,1
PFC-2023-NV-DEB30738,Ped,ART-9E27C273,yahoo.com,2023-09-25,2023-09-25,0
PFC-2023-CA-7C2D99F0,Ped,ART-B3B2B33A,mynewsla.com,2023-09-25,2023-09-23,2
PFC-2023-CA-E6D10900,Ped,ART-5310EDC3,foxla.com,2023-09-24,2023-09-24,0
PFC-2023-CA-E6D10900,Ped,ART-C6C93605,abc7.com,2023-09-24,2023-09-24,0
PFC-2023-AZ-63698A10,Ped,ART-973E15BC,azfamily.com,2023-09-22,2023-09-21,1
PFC-2023-AZ-63698A10,Ped,ART-EE6E0DBC,abc15.com,2023-09-22,2023-09-21,1
PFC-2023-AZ-63698A10,Ped,ART-6C3E34A6,yahoo.com,2023-09-22,2023-09-21,1
PFC-2023-AZ-63698A10,Ped,ART-9BFBB408,azfamily.com,2023-09-22,2023-09-21,1
PFC-2023-CA-2065A166,Ped,ART-C29240CD,foxla.com,2023-09-22,2023-09-21,1
PFC-2023-CA-A4A85DBF,Ped,ART-A377AD4F,streetsblog.org,2023-09-22,2023-09-20,2
PFC-2023-NV-809E6F70,Ped,ART-47D4BFB8,yahoo.com,2023-09-21,2023-09-21,0
PFC-2023-NV-AAD6638D,Ped,ART-AE7C7294,nbcdfw.com,2023-09-20,2023-09-20,0
PFC-2023-CA-B8D30973,Ped,ART-AAE128B4,abc7.com,2023-09-19,2023-09-18,1
PFC-2023-CA-B8D30973,Ped,ART-4FC495D7,pacificattorneygroup.com,2023-09-19,2023-09-18,1
PFC-2023-CA-B8D30973,Ped,ART-D64A337C,mynewsla.com,2023-09-19,2023-09-18,1
PFC-2023-CA-B8D30973,Ped,ART-B99AE9E6,yahoo.com,2023-09-18,2023-09-18,0
PFC-2023-NV-21FD084A,Ped,ART-92B77736,news3lv.com,2023-09-18,2023-09-18,0
PFC-2023-CA-9942EFA3,Ped,ART-84031D29,mercurynews.com,2023-09-17,2023-09-17,0
PFC-2023-AZ-8AB405BF,Ped,ART-B20FE156,arizonadailyindependent.com,2023-09-15,2023-09-14,1
PFC-2023-AZ-8AB405BF,Ped,ART-44DBD076,fox10phoenix.com,2023-09-14,2023-09-14,0
PFC-2023-AZ-8AB405BF,Ped,ART-BE69B751,pacificattorneygroup.com,2023-09-14,2023-09-14,0
PFC-2023-CA-6F85EAB5,Ped,ART-02451150,sfist.com,2023-09-13,2023-08-14,30
PFC-2023-AZ-D3A00FE2,Ped,ART-4D01DFCF,abc15.com,2023-09-11,2023-09-10,1
PFC-2023-AZ-D3A00FE2,Ped,ART-5427C5B0,azfamily.com,2023-09-11,2023-09-10,1
PFC-2023-AZ-D3A00FE2,Ped,ART-26E6AFA2,fox10phoenix.com,2023-09-10,2023-09-10,0
PFC-2023-AZ-D3A00FE2,Ped,ART-C38B1091,azfamily.com,2023-09-10,2023-09-10,0
PFC-2023-AZ-D3A00FE2,Ped,ART-0C2B9E47,abc15.com,2023-09-10,2023-09-10,0
PFC-2023-AZ-CFA011FB,Ped,ART-CA709EBC,fox10phoenix.com,2023-09-10,2023-09-10,0
PFC-2023-AZ-CFA011FB,Ped,ART-5EA46463,abc15.com,2023-09-10,2023-09-10,0
PFC-2023-NV-448E4DE7,Ped,ART-9A2F9DBF,ktnv.com,2023-09-06,2023-09-05,1
PFC-2023-CA-36CEAAEE,Ped,ART-426980F4,iheart.com,2023-09-06,2023-09-05,1
PFC-2023-AZ-896AC8FF,Ped,ART-193A6D28,yahoo.com,2023-09-03,2023-09-03,0
PFC-2023-AZ-896AC8FF,Ped,ART-1C926054,azfamily.com,2023-09-03,2023-09-03,0
PFC-2023-AZ-896AC8FF,Ped,ART-1F5B7135,fox10phoenix.com,2023-09-03,2023-09-03,0
PFC-2023-AZ-BDDB58E6,Ped,ART-99167036,fox10phoenix.com,2023-09-01,2023-09-01,0
PFC-2023-CA-63C93493,Ped,ART-F667F221,latimes.com,2023-09-01,2023-09-01,0
PFC-2023-NV-B77FDBCE,Ped,ART-03BAD519,yahoo.com,2023-10-31,2023-10-27,4
PFC-2023-CA-D986965E,Ped,ART-8A4F4E6D,nbcbayarea.com,2023-10-29,2023-10-28,1
PFC-2023-NV-B77FDBCE,Ped,ART-7E6BBCB8,yahoo.com,2023-10-27,2023-10-27,0
PFC-2023-AZ-C95A86E3,Ped,ART-5396E871,fox10phoenix.com,2023-10-23,2023-10-22,1
PFC-2023-AZ-FB0D6D8F,Ped,ART-430B5275,arizonadailyindependent.com,2023-10-21,2023-10-20,1
PFC-2023-CA-D7BCA788,Ped,ART-B17CC9DE,dailynews.com,2023-10-21,2023-10-20,1
PFC-2023-NV-4E8F3E76,Ped,ART-B4C5374C,news3lv.com,2023-10-20,2023-10-20,0
PFC-2023-CA-6AE923F1,Ped,ART-7605E6ED,ktvu.com,2023-10-19,2023-10-19,0
PFC-2023-NV-C8DABAAE,Ped,ART-1E8621BB,news3lv.com,2023-10-16,2023-10-16,0
PFC-2023-CA-E0FFEC0D,Ped,ART-1E6F17A1,mynewsla.com,2023-10-08,2023-10-07,1
PFC-2023-CA-81D73A00,Ped,ART-6E5323FD,nbclosangeles.com,2023-10-06,2023-10-06,0
PFC-2023-CA-E6D10900,Ped,ART-A7A1565B,iheart.com,2023-10-05,2023-09-24,11
PFC-2023-CA-E6D10900,Ped,ART-B0B2ABDB,mynewsla.com,2023-10-04,2023-09-24,10
PFC-2023-CA-88AD255A,Ped,ART-AB6A4FE1,yahoo.com,2023-10-03,2023-10-02,1
PFC-2023-CA-88AD255A,Ped,ART-501545C0,mynewsla.com,2023-10-03,2023-10-02,1
PFC-2023-CA-5AC41963,Ped,ART-CB92222C,abc7.com,2023-11-24,2023-11-23,1
PFC-2023-CA-5AC41963,Ped,ART-994A32CD,abc7.com,2023-11-23,2023-11-23,0
PFC-2023-CA-4693905C,Ped,ART-C36B2404,mynewsla.com,2023-11-23,2023-11-16,7
PFC-2023-CA-4693905C,Ped,ART-945563A5,foxla.com,2023-11-21,2023-11-16,5
PFC-2023-CA-60FB649E,Ped,ART-972B3BEA,cbsnews.com,2023-11-21,2023-11-19,2
PFC-2023-CA-4693905C,Ped,ART-0F9B4EDB,canyon-news.com,2023-11-20,2023-11-16,4
PFC-2023-CA-60FB649E,Ped,ART-451E9729,abc7.com,2023-11-20,2023-11-19,1
PFC-2023-NV-B50929EC,Ped,ART-036FD517,news3lv.com,2023-11-19,2023-11-18,1
PFC-2023-CA-4693905C,Ped,ART-8ACA69EA,mynewsla.com,2023-11-17,2023-11-16,1
PFC-2023-AZ-A82AB235,Ped,ART-135B787D,arizonadailyindependent.com,2023-11-17,2023-11-15,2
PFC-2023-AZ-A82AB235,Ped,ART-1172EA0F,azfamily.com,2023-11-16,2023-11-15,1
PFC-2023-CA-4693905C,Ped,ART-E79F22EE,iheart.com,2023-11-16,2023-11-16,0
PFC-2023-CA-4693905C,Ped,ART-16965B22,mynewsla.com,2023-11-16,2023-11-16,0
PFC-2023-CA-4693905C,Ped,ART-608B03A3,foxla.com,2023-11-16,2023-11-16,0
PFC-2023-CA-4693905C,Ped,ART-3C572256,mynewsla.com,2023-11-15,2023-11-16,-1
PFC-2023-CA-4693905C,Ped,ART-25D2E962,mynewsla.com,2023-11-15,2023-11-16,-1
PFC-2023-CA-AF9B7AEF,Ped,ART-78B730BC,ktvu.com,2023-11-15,2023-11-14,1
PFC-2023-CA-4693905C,Ped,ART-AC668AB7,abc7.com,2023-11-15,2023-11-16,-1
PFC-2023-CA-4693905C,Ped,ART-3251CA83,mynewsla.com,2023-11-15,2023-11-16,-1
PFC-2023-CA-86752164,Ped,ART-1E60C8FE,foxnews.com,2023-11-14,2023-11-13,1
PFC-2023-CA-4693905C,Ped,ART-2A021CBF,mynewsla.com,2023-11-14,2023-11-16,-2
PFC-2023-NV-09C7A8C3,Ped,ART-7B8BED30,lasvegassun.com,2023-11-14,2023-10-31,14
PFC-2023-AZ-87818B08,Ped,ART-DA3973D6,abc15.com,2023-11-12,2023-11-10,2
PFC-2023-CA-D7640383,Ped,ART-A2459D30,mynewsla.com,2023-11-09,2023-11-08,1
PFC-2023-NV-FFF57DCD,Ped,ART-3EEE427F,news3lv.com,2023-11-08,2023-11-08,0
PFC-2023-CA-D7640383,Ped,ART-7E160354,mynewsla.com,2023-11-08,2023-11-08,0
PFC-2023-AZ-E15A9A0F,Ped,ART-47DD1C56,azfamily.com,2023-11-08,2023-11-08,0
PFC-2023-AZ-E15A9A0F,Ped,ART-5E379A8E,abc15.com,2023-11-08,2023-11-08,0
PFC-2023-NV-94A185C9,Ped,ART-5ADBB3AD,yahoo.com,2023-11-07,2023-10-27,11
PFC-2023-CA-A3A8285A,Ped,ART-6465D8DA,mynewsla.com,2023-11-07,2023-11-05,2
PFC-2023-CA-D986965E,Ped,ART-69E265FC,mercurynews.com,2023-11-03,2023-10-28,6
PFC-2023-CA-D986965E,Ped,ART-2875DAE6,marinij.com,2023-11-03,2023-10-28,6
PFC-2023-AZ-77730630,Ped,ART-FCB76803,azfamily.com,2023-11-01,2023-11-01,0
PFC-2023-CA-AA7391D0,Ped,ART-EDF3A4DB,foxla.com,2023-11-01,2023-11-01,0
PFC-2023-CA-658A8E5D,Ped,ART-6408C26E,abc7.com,2023-11-01,2023-11-02,-1
PFC-2023-CA-7A1907F8,Ped,ART-3154DE2B,yahoo.com,2023-11-01,2023-11-01,0
PFC-2023-CA-ABBC53E8,Ped,ART-BF615D6F,ktvu.com,2023-11-01,2023-10-28,4
PFC-2023-AZ-9773B9A1,Ped,ART-20ECF50B,abc15.com,2023-12-31,2023-12-31,0
PFC-2023-CA-B182E690,Ped,ART-2E978F34,mynewsla.com,2023-12-27,2023-12-24,3
PFC-2023-CA-39E81EBB,Ped,ART-66B60707,mynewsla.com,2023-12-23,2023-12-21,2
PFC-2023-CA-39E81EBB,Ped,ART-23DA8195,dailymail.co.uk,2023-12-22,2023-12-21,1
PFC-2023-CA-39E81EBB,Ped,ART-9400F032,mynewsla.com,2023-12-21,2023-12-21,0
PFC-2023-CA-BBD26D14,Ped,ART-61A33D8E,patch.com,2023-12-19,2023-12-16,3
PFC-2023-CA-D75CB027,Ped,ART-585B81E5,mynewsla.com,2023-12-18,2023-12-17,1
PFC-2023-CA-9E5AEDD9,Ped,ART-5D773F38,huntnewsnu.com,2023-12-17,2023-11-19,28
PFC-2023-CA-9E5AEDD9,Ped,ART-A4E6E4B5,huntnewsnu.com,2023-12-17,2023-11-19,28
PFC-2023-CA-838A0FB6,Ped,ART-C9085267,foxla.com,2023-12-13,2023-12-08,5
PFC-2023-NV-CD2EF17A,Ped,ART-07FBC750,lasvegassun.com,2023-12-12,2023-12-11,1
PFC-2023-CA-82A2B133,Ped,ART-A76BBFEE,sfchronicle.com,2023-12-12,2023-12-11,1
PFC-2023-CA-82A2B133,Ped,ART-44694ABD,ktvu.com,2023-12-12,2023-12-11,1
PFC-2023-AZ-CB385D4A,Ped,ART-C168814F,abc15.com,2023-12-12,2023-12-12,0
PFC-2023-CA-1AA654EF,Ped,ART-8ACDE7A4,mercurynews.com,2023-12-12,2023-12-08,4
PFC-2023-AZ-EFFA4E2A,Ped,ART-595896F0,azfamily.com,2023-12-11,2023-12-11,0
PFC-2023-NV-E5B24BA9,Ped,ART-B36C8660,yahoo.com,2023-12-11,2023-12-11,0
PFC-2023-CA-838A0FB6,Ped,ART-ABA8911C,yahoo.com,2023-12-10,2023-12-08,2
PFC-2023-CA-838A0FB6,Ped,ART-56781E1E,abc7.com,2023-12-09,2023-12-08,1
PFC-2023-NV-DCD95855,Ped,ART-BEB46BA0,yahoo.com,2023-12-09,2023-12-08,1
PFC-2023-CA-9C9BFFEE,Ped,ART-3A882E92,presstelegram.com,2023-12-08,2023-12-08,0
PFC-2023-CA-838A0FB6,Ped,ART-2063153B,nbclosangeles.com,2023-12-07,2023-12-08,-1
PFC-2023-CA-DCBF36AB,Ped,ART-69218EC7,ktvu.com,2023-12-07,2023-07-09,151
PFC-2023-CA-3824EC6F,Ped,ART-946B4D99,sfchronicle.com,2023-12-06,2023-12-06,0
PFC-2023-NV-62D26B8B,Ped,ART-BE3C80C5,wchstv.com,2023-12-04,2023-12-04,0
PFC-2023-AZ-31A6D8C0,Ped,ART-10835C71,arizonadailyindependent.com,2023-12-04,2023-12-02,2
PFC-2023-AZ-31A6D8C0,Ped,ART-35C4C65A,abc15.com,2023-12-03,2023-12-02,1
PFC-2023-NV-12B9132E,Ped,ART-F007A658,yahoo.com,2023-12-03,2023-11-26,7
PFC-2024-NV-A63865BE,Ped,ART-C4ED83D7,yahoo.com,2024-01-31,2024-01-26,5
PFC-2024-NV-2D9C8A0F,Ped,ART-DBB6C520,yahoo.com,2024-01-30,2024-01-28,2
PFC-2024-CA-30854FCD,Ped,ART-086BDDE0,theguardian.com,2024-01-28,2024-01-28,0
PFC-2024-NV-A63865BE,Ped,ART-C0EB2760,yahoo.com,2024-01-27,2024-01-26,1
PFC-2024-NV-A63865BE,Ped,ART-0329C582,news3lv.com,2024-01-27,2024-01-26,1
PFC-2024-NV-A63865BE,Ped,ART-BDEEB927,news3lv.com,2024-01-27,2024-01-26,1
PFC-2024-NV-7A3141A4,Ped,ART-860261DD,yahoo.com,2024-01-22,2024-01-18,4
PFC-2024-CA-B76A2665,Ped,ART-8F6EA1F5,abc7.com,2024-01-21,2024-01-12,9
PFC-2024-CA-B76A2665,Ped,ART-B7B71AB1,yahoo.com,2024-01-21,2024-01-12,9
PFC-2024-CA-B76A2665,Ped,ART-1094FE88,foxla.com,2024-01-21,2024-01-12,9
PFC-2024-CA-788E8DD9,Ped,ART-CFF61ACB,dailynews.com,2024-01-20,2024-01-18,2
PFC-2024-CA-B76A2665,Ped,ART-2959BCDB,abc7.com,2024-01-18,2024-01-12,6
PFC-2024-CA-C2416286,Ped,ART-09EA2F02,patch.com,2024-01-18,2024-01-19,-1
PFC-2024-CA-B76A2665,Ped,ART-51554FEB,foxla.com,2024-01-18,2024-01-12,6
PFC-2024-CA-B76A2665,Ped,ART-233BC1C9,nydailynews.com,2024-01-17,2024-01-12,5
PFC-2024-AZ-94B4B592,Ped,ART-DF27AA19,yahoo.com,2024-01-16,2024-01-16,0
PFC-2024-CA-B76A2665,Ped,ART-34B0ECBB,dailynews.com,2024-01-15,2024-01-12,3
PFC-2024-CA-B76A2665,Ped,ART-41A260A6,abc7.com,2024-01-15,2024-01-12,3
PFC-2024-CA-B76A2665,Ped,ART-5A3DBD6A,mynewsla.com,2024-01-15,2024-01-12,3
PFC-2024-CA-171573C4,Ped,ART-11FAA2D0,ktvu.com,2024-01-15,2024-01-14,1
PFC-2024-CA-B76A2665,Ped,ART-0416B868,yahoo.com,2024-01-14,2024-01-12,2
PFC-2024-CA-B76A2665,Ped,ART-EBA9959C,dailynews.com,2024-01-14,2024-01-12,2
PFC-2024-CA-B76A2665,Ped,ART-7CA85260,dailynews.com,2024-01-14,2024-01-12,2
PFC-2024-AZ-EFDBF22A,Ped,ART-6826498A,arizonadailyindependent.com,2024-01-13,2024-01-11,2
PFC-2024-AZ-EFDBF22A,Ped,ART-DDF753CD,abc15.com,2024-01-12,2024-01-11,1
PFC-2024-NV-358195FE,Ped,ART-9B50E5BC,news3lv.com,2024-01-10,2024-01-09,1
PFC-2024-CA-D98046A2,Ped,ART-854B7B93,yahoo.com,2024-01-04,2024-01-04,0
PFC-2024-AZ-62F1741D,Ped,ART-F8F7C172,arizonadailyindependent.com,2024-01-04,2024-01-02,2
PFC-2024-AZ-7BE84181,Ped,ART-8E87F79F,fox10phoenix.com,2024-02-29,2024-02-28,1
PFC-2024-AZ-7BE84181,Ped,ART-9C0CD055,abc15.com,2024-02-29,2024-02-28,1
PFC-2024-CA-9D12BD63,Ped,ART-3572ABAB,ktvu.com,2024-02-27,2024-02-25,2
PFC-2024-AZ-559FFEDD,Ped,ART-BC4E90E8,arizonadailyindependent.com,2024-02-27,2024-02-24,3
PFC-2024-CA-5A9ABF23,Ped,ART-3205ED33,theepochtimes.com,2024-02-26,2024-02-26,0
PFC-2024-AZ-559FFEDD,Ped,ART-FF5FC558,abc15.com,2024-02-25,2024-02-24,1
PFC-2024-AZ-57F37C1D,Ped,ART-B5804748,arizonadailyindependent.com,2024-02-22,2024-02-20,2
PFC-2024-AZ-57F37C1D,Ped,ART-EAA4628B,abc15.com,2024-02-21,2024-02-20,1
PFC-2024-CA-1D32F518,Ped,ART-DD614138,westsidetoday.com,2024-02-16,2024-02-14,2
PFC-2024-NV-FE2E9844,Ped,ART-A7339AA9,news3lv.com,2024-02-16,2024-02-15,1
PFC-2024-NV-FE2E9844,Ped,ART-F7D4FCB3,yahoo.com,2024-02-16,2024-02-15,1
PFC-2024-AZ-E41E1664,Ped,ART-74CC8828,fox10phoenix.com,2024-02-16,2024-02-15,1
PFC-2024-CA-1D32F518,Ped,ART-9A11C358,abc7.com,2024-02-14,2024-02-14,0
PFC-2024-CA-1D32F518,Ped,ART-D0F49510,yahoo.com,2024-02-14,2024-02-14,0
PFC-2024-CA-1D32F518,Ped,ART-2F48315A,yahoo.com,2024-02-14,2024-02-14,0
PFC-2024-AZ-6B865700,Ped,ART-FC2005AC,abc15.com,2024-02-10,2024-02-09,1
PFC-2024-NV-AFCBC5E1,Ped,ART-0A83D40A,yahoo.com,2024-02-10,2024-02-09,1
PFC-2024-CA-40492E15,Ped,ART-2870D60A,yahoo.com,2024-02-08,2024-02-08,0
PFC-2024-CA-40492E15,Ped,ART-0C0FE62B,ktvu.com,2024-02-08,2024-02-08,0
PFC-2024-CA-40492E15,Ped,ART-F57268F1,nbcbayarea.com,2024-02-08,2024-02-08,0
PFC-2024-AZ-AA9191E5,Ped,ART-BC602593,fox10phoenix.com,2024-02-05,2024-02-03,2
PFC-2024-AZ-AA9191E5,Ped,ART-99B6AEFD,yahoo.com,2024-02-04,2024-02-03,1
PFC-2024-AZ-AA9191E5,Ped,ART-298BF2A7,abc15.com,2024-02-04,2024-02-03,1
PFC-2024-TX-E53367EC,Ped,ART-B3C7E911,foxsanantonio.com,2024-03-24,2024-03-23,1
PFC-2024-CA-659006CC,Ped,ART-34D5506C,yahoo.com,2024-03-23,2024-03-22,1
PFC-2024-NV-3B2246B2,Ped,ART-F52E3EFD,ktnv.com,2024-03-22,2024-03-22,0
PFC-2024-AZ-478D3044,Ped,ART-449E6CD5,abc15.com,2024-03-22,2024-03-21,1
PFC-2024-NV-2579DAEA,Ped,ART-0F207E9D,news3lv.com,2024-03-22,2024-03-22,0
PFC-2024-NV-91F72162,Ped,ART-1282646B,yahoo.com,2024-03-22,2024-03-16,6
PFC-2024-TX-1C91549C,Ped,ART-91FBFC25,yahoo.com,2024-03-15,2024-03-12,3
PFC-2024-TX-D3C23A0F,Ped,ART-DAE1C351,yahoo.com,2024-03-15,2024-03-14,1
PFC-2024-TX-D3C23A0F,Ped,ART-9EDB440F,fox7austin.com,2024-03-15,2024-03-14,1
PFC-2024-TX-1C91549C,Ped,ART-BCC00333,dailydot.com,2024-03-14,2024-03-12,2
PFC-2024-NV-1AFBFA1B,Ped,ART-0AD8D513,yahoo.com,2024-03-14,2024-03-13,1
PFC-2024-NV-4140A104,Ped,ART-2ACA5B33,yahoo.com,2024-03-14,2024-03-14,0
PFC-2024-TX-1C91549C,Ped,ART-212D382C,fox7austin.com,2024-03-14,2024-03-12,2
PFC-2024-TX-1C91549C,Ped,ART-EC531288,fox4news.com,2024-03-14,2024-03-12,2
PFC-2024-NV-AC146AC2,Ped,ART-3DC82C4A,news3lv.com,2024-03-12,2024-03-12,0
PFC-2024-TX-44BD1155,Ped,ART-4BAD2CDC,fox7austin.com,2024-03-12,2024-02-14,27
PFC-2024-CA-A35E3E85,Ped,ART-7A0B7CDD,yahoo.com,2024-03-12,2024-03-11,1
PFC-2024-CA-A35E3E85,Ped,ART-BC5A60D0,ktvu.com,2024-03-11,2024-03-11,0
PFC-2024-CA-D8318189,Ped,ART-11FB35F8,iheart.com,2024-03-05,2024-03-03,2
PFC-2024-AZ-ADBABC58,Ped,ART-A98FA247,abc15.com,2024-03-03,2024-03-02,1
PFC-2024-CA-DC620952,Ped,ART-5FDEC98D,iheart.com,2024-03-02,2024-03-01,1
PFC-2024-CA-DC620952,Ped,ART-BC394E3E,yahoo.com,2024-03-01,2024-03-01,0
PFC-2024-CA-EF9574E4,Ped,ART-B5823439,foxla.com,2024-04-30,2024-04-29,1
PFC-2024-CA-B29E9D3C,Ped,ART-841C8592,abc7.com,2024-04-30,2024-04-30,0
PFC-2024-NV-21EE99A6,Ped,ART-2A04BF53,news3lv.com,2024-04-28,2024-04-28,0
PFC-2024-TX-1C91549C,Ped,ART-F4E19C9B,culturemap.com,2024-04-17,2024-03-12,36
PFC-2024-NV-9BA1B9C0,Ped,ART-2970B1E1,news3lv.com,2024-04-13,2024-04-13,0
PFC-2024-AZ-69CB81B7,Ped,ART-C65FBAFC,fox10phoenix.com,2024-04-08,2024-04-07,1
PFC-2024-CA-CFD73458,Ped,ART-D65A0C4C,foxla.com,2024-04-03,2024-04-02,1
PFC-2024-NV-92EA41AC,Ped,ART-79C13F25,yahoo.com,2024-05-27,2024-05-27,0
PFC-2024-CA-0381FD86,Ped,ART-5917BC3D,yahoo.com,2024-05-25,2024-05-23,2
PFC-2024-CA-05F17E58,Ped,ART-5047182F,abc7.com,2024-05-13,2024-05-12,1
PFC-2024-CA-05F17E58,Ped,ART-E7126791,foxla.com,2024-05-13,2024-05-12,1
PFC-2024-AZ-C44283B9,Ped,ART-F2656CBC,arizonadailyindependent.com,2024-05-13,2024-05-12,1
PFC-2024-AZ-C44283B9,Ped,ART-D7AE9874,fox10phoenix.com,2024-05-12,2024-05-12,0
PFC-2024-NV-59840B11,Ped,ART-EF043239,news3lv.com,2024-05-10,2024-05-10,0
PFC-2024-NV-13376DDC,Ped,ART-4B9EA0B7,yahoo.com,2024-05-05,2024-05-05,0
PFC-2024-NV-13376DDC,Ped,ART-B4C5A546,news3lv.com,2024-05-05,2024-05-05,0
PFC-2024-NV-13376DDC,Ped,ART-D5322755,news3lv.com,2024-05-05,2024-05-05,0
PFC-2024-AZ-B8D10804,Ped,ART-1254D9AB,hoodline.com,2024-05-04,2024-05-03,1
PFC-2024-CA-CA0BEB6E,Ped,ART-A786F8E5,abc7.com,2024-05-03,2024-05-02,1
PFC-2024-AZ-F1B22F31,Ped,ART-C77C56C5,arizonadailyindependent.com,2024-05-01,2024-04-30,1
PFC-2024-NV-4F428B8C,Ped,ART-C5326007,ktnv.com,2024-06-24,2024-06-20,4
PFC-2024-NV-2B8CF36E,Ped,ART-95A7A9EA,news3lv.com,2024-06-21,2024-06-20,1
PFC-2024-NV-2B8CF36E,Ped,ART-64475C0D,yahoo.com,2024-06-21,2024-06-20,1
PFC-2024-NV-4F428B8C,Ped,ART-56F6B6BE,yahoo.com,2024-06-21,2024-06-20,1
PFC-2024-CA-B5DB946C,Ped,ART-E3414A7F,ktvu.com,2024-06-14,2024-06-10,4
PFC-2024-CA-B5DB946C,Ped,ART-F8454240,missionlocal.org,2024-06-14,2024-06-10,4
PFC-2024-CA-B5DB946C,Ped,ART-D83AF402,yahoo.com,2024-06-14,2024-06-10,4
PFC-2024-CA-0451271B,Ped,ART-E6A3A37A,dailymail.co.uk,2024-06-12,2024-06-12,0
PFC-2024-AZ-F2ECC421,Ped,ART-3538E00A,abc15.com,2024-06-12,2024-05-29,14
PFC-2024-CA-7D2966F4,Ped,ART-255AE15F,unionleader.com,2024-06-11,2024-06-11,0
PFC-2024-CA-E9C8D1DB,Ped,ART-15E04F54,yahoo.com,2024-06-10,2024-06-09,1
PFC-2024-CA-4C62454E,Ped,ART-5D4DE2AA,trentonian.com,2024-06-08,2024-06-07,1
PFC-2024-CA-C7E4D41B,Ped,ART-95AD94FC,iheart.com,2024-06-07,2024-04-16,52
PFC-2024-CA-4C62454E,Ped,ART-395FE9B4,presstelegram.com,2024-06-07,2024-06-07,0
PFC-2024-CA-4C62454E,Ped,ART-69B08924,burlington-record.com,2024-06-07,2024-06-07,0
PFC-2024-CA-4C62454E,Ped,ART-26C5B281,delcotimes.com,2024-06-07,2024-06-07,0
PFC-2024-CA-4C62454E,Ped,ART-3A86D836,dailynews.com,2024-06-07,2024-06-07,0
PFC-2024-CA-4C62454E,Ped,ART-AA1E0D39,morningjournal.com,2024-06-06,2024-06-07,-1
PFC-2024-CA-4C62454E,Ped,ART-D60F709C,canoncitydailyrecord.com,2024-06-06,2024-06-07,-1
PFC-2024-CA-4C62454E,Ped,ART-9FEF3977,voicenews.com,2024-06-06,2024-06-07,-1
PFC-2024-CA-4C62454E,Ped,ART-DBFAE895,ctnewsjunkie.com,2024-06-05,2024-06-07,-2
PFC-2024-CA-24EDC057,Ped,ART-96C6CFAA,kffhealthnews.org,2024-06-03,2024-06-03,0
PFC-2024-CA-C3E0A6DA,Ped,ART-BE2E2CD2,yahoo.com,2024-07-30,2024-07-30,0
PFC-2024-NV-A4CA4CAE,Ped,ART-4382CB9D,news3lv.com,2024-07-25,2024-07-25,0
PFC-2024-NV-61DB06B3,Ped,ART-CEF4DBF0,news3lv.com,2024-07-23,2024-07-21,2
PFC-2024-CA-128E8102,Ped,ART-6C4068CD,iheart.com,2024-07-23,2024-07-22,1
PFC-2024-NV-61DB06B3,Ped,ART-749D5F3A,news3lv.com,2024-07-21,2024-07-21,0
PFC-2024-NV-999117C6,Ped,ART-5D432E88,news3lv.com,2024-07-20,2024-07-19,1
PFC-2024-CA-9E98CBF0,Ped,ART-B8589128,yahoo.com,2024-07-20,2024-07-20,0
PFC-2024-NV-F7C1F53A,Ped,ART-7AB6E1A3,news3lv.com,2024-07-16,2024-07-16,0
PFC-2024-NV-F7C1F53A,Ped,ART-6B738016,yahoo.com,2024-07-16,2024-07-16,0
PFC-2024-NV-03562E96,Ped,ART-FC6CF1E7,news3lv.com,2024-08-30,2024-08-30,0
PFC-2024-AZ-A0C54824,Ped,ART-6E0CC7E8,fox10phoenix.com,2024-08-30,2024-08-29,1
PFC-2024-NV-1FCD62C8,Ped,ART-048B713F,yahoo.com,2024-08-29,2024-08-26,3
PFC-2024-NV-61247F6D,Ped,ART-1214E4D6,news3lv.com,2024-08-23,2024-08-23,0
PFC-2024-CA-6F9A44B0,Ped,ART-4F73280E,yahoo.com,2024-08-23,2024-08-15,8
PFC-2024-CA-B021AB82,Ped,ART-999BE44F,abc7.com,2024-08-22,2024-08-19,3
PFC-2024-CA-6F9A44B0,Ped,ART-3C591029,ktvu.com,2024-08-20,2024-08-15,5
PFC-2024-CA-4EF03904,Ped,ART-F4D3EF8A,foxla.com,2024-08-18,2024-08-16,2
PFC-2024-CA-4EF03904,Ped,ART-48ABF11B,dailynews.com,2024-08-17,2024-08-16,1
PFC-2024-CA-6F9A44B0,Ped,ART-5CF3074A,sfchronicle.com,2024-08-16,2024-08-15,1
PFC-2024-NV-72458937,Ped,ART-48FB165D,news3lv.com,2024-08-11,2024-08-11,0
PFC-2024-NV-72458937,Ped,ART-E603108E,news3lv.com,2024-08-05,2024-08-11,-6
PFC-2024-NV-EA19E48F,Ped,ART-EF9BDE98,yahoo.com,2024-08-03,2024-08-02,1
PFC-2024-NV-EA19E48F,Ped,ART-8D6810AE,news3lv.com,2024-08-03,2024-08-02,1
PFC-2024-NV-7AF6C264,Ped,ART-1BD39523,news3lv.com,2024-09-29,2024-09-29,0
PFC-2024-AZ-705A439B,Ped,ART-D8C5E4FB,kold.com,2024-09-28,2024-09-22,6
PFC-2024-CA-6964AE80,Ped,ART-2260CCEC,abc7.com,2024-09-23,2024-09-20,3
PFC-2024-CA-49B5D39F,Ped,ART-0FCC0E25,ktvu.com,2024-09-23,2024-09-22,1
PFC-2024-CA-6964AE80,Ped,ART-B95CF6D3,abc7.com,2024-09-22,2024-09-20,2
PFC-2024-CA-6964AE80,Ped,ART-6F9F9117,foxla.com,2024-09-22,2024-09-20,2
PFC-2024-CA-6964AE80,Ped,ART-B4E34F9B,abc7.com,2024-09-22,2024-09-20,2
PFC-2024-AZ-68B48BC2,Ped,ART-C4E45C38,fox10phoenix.com,2024-09-22,2024-09-21,1
PFC-2024-CA-6964AE80,Ped,ART-20C589BF,foxla.com,2024-09-21,2024-09-20,1
PFC-2024-TX-0F46D31C,Ped,ART-2F9EA3A9,fox7austin.com,2024-09-18,2024-09-18,0
PFC-2024-NV-D96DA188,Ped,ART-9C0B39DE,news3lv.com,2024-09-17,2024-09-10,7
PFC-2024-TX-A59CD21E,Ped,ART-38A25781,fox7austin.com,2024-09-03,2024-09-03,0
PFC-2024-NV-FDA0185A,Ped,ART-3A594F27,lasvegassun.com,2024-10-29,2024-10-22,7
PFC-2024-AZ-548A1D17,Ped,ART-C5C5A6DE,fox10phoenix.com,2024-10-28,2024-10-26,2
PFC-2024-NV-C2C5E4A7,Ped,ART-6B4A392A,news3lv.com,2024-10-28,2024-10-27,1
PFC-2024-AZ-86A60F04,Ped,ART-34D4B9C6,fox10phoenix.com,2024-10-27,2024-10-26,1
PFC-2024-CA-85F51F0E,Ped,ART-0C0696A6,sfchronicle.com,2024-10-25,2024-10-25,0
PFC-2024-CA-85F51F0E,Ped,ART-1E1B8E62,sfist.com,2024-10-25,2024-10-25,0
PFC-2024-AZ-1E8A4E1A,Ped,ART-766FA18E,azfamily.com,2024-10-25,2024-10-25,0
PFC-2024-CA-584209F8,Ped,ART-4DDD9205,streetsblog.org,2024-10-24,2024-10-22,2
PFC-2024-CA-584209F8,Ped,ART-3995FA96,sfist.com,2024-10-22,2024-10-22,0
PFC-2024-CA-584209F8,Ped,ART-AAB2F7D6,ktvu.com,2024-10-22,2024-10-22,0
PFC-2024-CA-584209F8,Ped,ART-BAF06972,sfchronicle.com,2024-10-22,2024-10-22,0
PFC-2024-CA-584209F8,Ped,ART-738F1236,cbsnews.com,2024-10-22,2024-10-22,0
PFC-2024-CA-CB89A54A,Ped,ART-0E812472,mynewsla.com,2024-10-15,2024-10-15,0
PFC-2024-NV-AFFE3EC2,Ped,ART-79B78716,news3lv.com,2024-10-14,2024-10-13,1
PFC-2024-AZ-8FA620C5,Ped,ART-4FBEB591,azfamily.com,2024-10-13,2024-09-20,23
PFC-2024-AZ-EE0AF165,Ped,ART-CF0DB957,fox10phoenix.com,2024-10-13,2024-10-12,1
PFC-2024-NV-CC9D0E62,Ped,ART-FAD334F4,news3lv.com,2024-10-11,2024-10-11,0
PFC-2024-AZ-E5C31CF8,Ped,ART-C9A1C320,arizonadailyindependent.com,2024-10-10,2024-10-08,2
PFC-2024-CA-F848DDF5,Ped,ART-48F65882,mynewsla.com,2024-10-10,2024-09-13,27
PFC-2024-CA-F848DDF5,Ped,ART-5C7389C1,mynewsla.com,2024-10-09,2024-09-13,26
PFC-2024-CA-C178C5C9,Ped,ART-0D24475D,yahoo.com,2024-10-09,2024-10-07,2
PFC-2024-CA-C3EA31FE,Ped,ART-3DA91A2D,sfchronicle.com,2024-10-09,2024-10-04,5
PFC-2024-CA-C178C5C9,Ped,ART-D297E0C7,mynewsla.com,2024-10-08,2024-10-07,1
PFC-2024-NV-509C1640,Ped,ART-F8EAFB23,news3lv.com,2024-10-04,2024-10-03,1
PFC-2024-NV-509C1640,Ped,ART-71873DAC,news3lv.com,2024-10-04,2024-10-03,1
PFC-2024-AZ-94102724,Ped,ART-6538BD72,yahoo.com,2024-10-02,2024-07-25,69
PFC-2024-AZ-94102724,Ped,ART-C9DB7CEA,azfamily.com,2024-10-01,2024-07-25,68
PFC-2024-AZ-94102724,Ped,ART-D940840A,fox10phoenix.com,2024-10-01,2024-07-25,68
PFC-2024-NV-AF68189E,Ped,ART-57105D20,news3lv.com,2024-11-30,2024-11-29,1
PFC-2024-NV-AF68189E,Ped,ART-D8B0C0D0,yahoo.com,2024-11-30,2024-11-29,1
PFC-2024-NV-AF68189E,Ped,ART-854F74F8,news3lv.com,2024-11-28,2024-11-29,-1
PFC-2024-NV-AF68189E,Ped,ART-90D1C1A1,yahoo.com,2024-11-28,2024-11-29,-1
PFC-2024-CA-0D39A358,Ped,ART-1C82B323,yahoo.com,2024-11-27,2024-11-27,0
PFC-2024-CA-3FF6B3DF,Ped,ART-9B364A81,canyon-news.com,2024-11-26,2024-11-25,1
PFC-2024-CA-5D54CC6E,Ped,ART-6CF50FF6,yahoo.com,2024-11-26,2024-11-24,2
PFC-2024-CA-5D54CC6E,Ped,ART-8EAA07CA,missionlocal.org,2024-11-26,2024-11-24,2
PFC-2024-NV-6B70AECA,Ped,ART-8A5D8FEB,news3lv.com,2024-11-19,2024-11-18,1
PFC-2024-NV-13BF4611,Ped,ART-682D8E6F,yahoo.com,2024-11-18,2024-11-18,0
PFC-2024-NV-13BF4611,Ped,ART-729E91F7,news3lv.com,2024-11-18,2024-11-18,0
PFC-2024-CA-07730E96,Ped,ART-3FE4D212,cbsnews.com,2024-11-15,2024-11-14,1
PFC-2024-CA-90F82169,Ped,ART-8BC51FCA,mynewsla.com,2024-11-15,2024-11-05,10
PFC-2024-CA-1F1DBCBA,Ped,ART-91380C39,canyon-news.com,2024-11-12,2024-11-08,4
PFC-2024-TX-452A45F4,Ped,ART-09E2C8B9,fox7austin.com,2024-11-12,2024-11-11,1
PFC-2024-NV-958FB25A,Ped,ART-31F18FCE,news3lv.com,2024-11-11,2024-11-11,0
PFC-2024-NV-AEA00D2F,Ped,ART-338B21BF,yahoo.com,2024-11-07,2024-11-07,0
PFC-2024-CA-2A02DBFE,Ped,ART-FED45CEA,mynewsla.com,2024-11-04,2024-11-03,1
PFC-2024-NV-DAC2F070,Ped,ART-072CB94C,news3lv.com,2024-11-04,2024-11-03,1
PFC-2024-NV-FBB7FADE,Ped,ART-3843D40D,lasvegassun.com,2024-11-01,2024-10-31,1
PFC-2024-NV-27FFF2E2,Ped,ART-EC8F11B1,news3lv.com,2024-12-31,2024-12-30,1
PFC-2024-CA-1A8C909A,Ped,ART-7E6C573D,stripes.com,2024-12-29,2024-12-22,7
PFC-2024-CA-556E44C8,Ped,ART-9C29C55D,sfchronicle.com,2024-12-28,2024-12-27,1
PFC-2024-CA-21C46CAA,Ped,ART-28F21B41,mynewsla.com,2024-12-27,2024-12-26,1
PFC-2024-AZ-1A1A2347,Ped,ART-AEB55BF2,fox10phoenix.com,2024-12-26,2024-12-27,-1
PFC-2024-NV-F6E9BAEA,Ped,ART-83FA449A,yahoo.com,2024-12-26,2024-12-26,0
PFC-2024-TX-7A07726C,Ped,ART-1A036731,fox7austin.com,2024-12-26,2024-12-25,1
PFC-2024-CA-1CB401DB,Ped,ART-EFFC5ED6,mynewsla.com,2024-12-23,2024-12-22,1
PFC-2024-CA-E1B2539A,Ped,ART-B05983C9,ktvu.com,2024-12-18,2024-12-14,4
PFC-2024-CA-E1B2539A,Ped,ART-6E563618,sfchronicle.com,2024-12-15,2024-12-14,1
PFC-2024-CA-E1B2539A,Ped,ART-409B0918,missionlocal.org,2024-12-15,2024-12-14,1
PFC-2024-CA-07CD9809,Ped,ART-34652456,mynewsla.com,2024-12-12,2024-12-03,9
PFC-2024-CA-07CD9809,Ped,ART-C96E49B1,yahoo.com,2024-12-12,2024-12-03,9
PFC-2024-NV-7893DB01,Ped,ART-F15DF983,news3lv.com,2024-12-07,2024-12-07,0
PFC-2024-CA-07CD9809,Ped,ART-9D86C2B3,mynewsla.com,2024-12-04,2024-12-03,1
PFC-2024-NV-B6101011,Ped,ART-91C54621,yahoo.com,2024-12-02,2024-12-02,0
PFC-2024-AZ-3D6963F1,Ped,ART-81CF86FF,azfamily.com,2024-12-02,2024-12-01,1
PFC-2024-CA-66711ED3,Ped,ART-7F4AD646,foxla.com,2024-12-02,2024-12-01,1
PFC-2025-CA-D066B66F,Ped,ART-A2C44F07,sfchronicle.com,2025-01-31,2025-01-31,0
PFC-2025-CA-8156A43A,Ped,ART-A12A092B,mynewsla.com,2025-01-30,2025-01-29,1
PFC-2025-CA-825D148E,Ped,ART-7FFA708C,yahoo.com,2025-01-30,2025-01-30,0
PFC-2025-TX-2196EB39,Ped,ART-26D755E0,fox7austin.com,2025-01-30,2025-01-30,0
PFC-2025-CA-8156A43A,Ped,ART-93109294,mynewsla.com,2025-01-30,2025-01-29,1
PFC-2025-CA-357EA2DA,Ped,ART-A15A24AC,mynewsla.com,2025-01-30,2025-01-30,0
PFC-2025-CA-4B18896A,Ped,ART-08C8C832,abc7.com,2025-01-29,2025-01-29,0
PFC-2025-CA-4B18896A,Ped,ART-FEEDB2AE,foxla.com,2025-01-29,2025-01-29,0
PFC-2025-CA-D7114288,Ped,ART-343C9957,mynewsla.com,2025-01-29,2025-01-28,1
PFC-2025-CA-AA52D1C4,Ped,ART-A1055526,yahoo.com,2025-01-28,2025-01-24,4
PFC-2025-CA-87966DD9,Ped,ART-5758A882,sfchronicle.com,2025-01-27,2025-01-26,1
PFC-2025-CA-D768C087,Ped,ART-F181AB58,dailynews.com,2025-01-25,2025-01-25,0
PFC-2025-CA-6838F1B6,Ped,ART-E094776C,sfchronicle.com,2025-01-22,2025-01-22,0
PFC-2025-AZ-4E41041E,Ped,ART-3BB522B3,fox10phoenix.com,2025-01-21,2025-01-21,0
PFC-2025-CA-A18D543B,Ped,ART-594D2B3B,mercurynews.com,2025-01-21,2025-01-19,2
PFC-2025-CA-A18D543B,Ped,ART-D48F423A,eastbaytimes.com,2025-01-21,2025-01-19,2
PFC-2025-CA-0FF9A8E7,Ped,ART-DFA492D2,mynewsla.com,2025-01-13,2025-01-12,1
PFC-2025-CA-4F8658BD,Ped,ART-04DE26D1,mynewsla.com,2025-01-08,2025-01-07,1
PFC-2025-CA-90A0CEC2,Ped,ART-11CE9071,mynewsla.com,2025-01-08,2025-01-05,3
PFC-2025-CA-90A0CEC2,Ped,ART-7A480EEA,foxla.com,2025-01-05,2025-01-05,0
PFC-2025-CA-90A0CEC2,Ped,ART-6A1C0163,abc7.com,2025-01-05,2025-01-05,0
PFC-2025-CA-D1C4BA93,Ped,ART-1774FBAF,ktvu.com,2025-01-05,2025-01-04,1
PFC-2025-CA-D1C4BA93,Ped,ART-711B330F,sfchronicle.com,2025-01-05,2025-01-04,1
PFC-2025-CA-16ED9CE9,Ped,ART-C70E2E22,abc7.com,2025-02-24,2025-02-23,1
PFC-2025-CA-592CABCD,Ped,ART-BFDC356D,sfchronicle.com,2025-02-20,2025-02-03,17
PFC-2025-CA-592CABCD,Ped,ART-38AB1BE2,ktvu.com,2025-02-20,2025-02-03,17
PFC-2025-CA-8156A43A,Ped,ART-CE24EB7E,yahoo.com,2025-02-07,2025-01-29,9
PFC-2025-NV-A850C873,Ped,ART-B35737D2,yahoo.com,2025-02-07,2025-02-06,1
PFC-2025-NV-A850C873,Ped,ART-59596A29,news3lv.com,2025-02-07,2025-02-06,1
PFC-2025-CA-592CABCD,Ped,ART-6A028FCB,ktvu.com,2025-02-07,2025-02-03,4
PFC-2025-CA-F2FAB490,Ped,ART-2B46769B,sfchronicle.com,2025-02-05,2025-02-05,0
PFC-2025-CA-592CABCD,Ped,ART-DA650DB6,ktvu.com,2025-02-05,2025-02-03,2
PFC-2025-NV-09410B20,Ped,ART-231B7FC0,yahoo.com,2025-03-30,2025-03-28,2
PFC-2025-CA-E2C176C9,Ped,ART-E5E8C1D3,sfist.com,2025-03-30,2025-03-14,16
PFC-2025-CA-16ED9CE9,Ped,ART-8A83DAF0,yahoo.com,2025-03-30,2025-02-23,35
PFC-2025-CA-50792E9C,Ped,ART-9B2011F7,sfchronicle.com,2025-03-29,2025-03-29,0
PFC-2025-CA-E2C176C9,Ped,ART-58392A1D,yahoo.com,2025-03-29,2025-03-14,15
PFC-2025-CA-598BF8ED,Ped,ART-803A61CF,iheart.com,2025-03-28,2025-03-28,0
PFC-2025-NV-919C5F1F,Ped,ART-1EFC4C88,yahoo.com,2025-03-26,2025-03-26,0
PFC-2025-CA-37742273,Ped,ART-D160F40A,latimes.com,2025-03-17,2025-03-16,1
PFC-2025-AZ-A9A87F2D,Ped,ART-A175FEA5,fox10phoenix.com,2025-03-06,2025-03-06,0
PFC-2025-NV-564F79F1,Ped,ART-460D82DA,lasvegassun.com,2025-03-05,2025-03-05,0
PFC-2025-CA-CB126A59,Ped,ART-538B78BF,canyon-news.com,2025-04-15,2025-04-14,1
PFC-2025-CA-CB126A59,Ped,ART-82A802BD,yahoo.com,2025-04-15,2025-04-14,1
PFC-2025-NV-B5E053B2,Ped,ART-96D52B19,yahoo.com,2025-05-30,2025-05-30,0
PFC-2025-NV-B5E053B2,Ped,ART-23B43510,news3lv.com,2025-05-30,2025-05-30,0
PFC-2025-CA-8710303D,Ped,ART-DA5DEF03,nbcbayarea.com,2025-05-27,2025-05-27,0
PFC-2025-CA-8710303D,Ped,ART-9C680971,yahoo.com,2025-05-27,2025-05-27,0
PFC-2025-CA-8710303D,Ped,ART-16C297B6,abc7news.com,2025-05-27,2025-05-27,0
PFC-2025-AZ-8A0D1BE6,Ped,ART-F29CCC93,arizonadailyindependent.com,2025-05-26,2025-05-23,3
PFC-2025-CA-FCF72916,Ped,ART-9B0B0594,nbclosangeles.com,2025-05-23,2025-05-23,0
PFC-2025-TX-8866569E,Ped,ART-66C4A56A,fox7austin.com,2025-05-21,2025-05-11,10
PFC-2025-CA-85B69D2D,Ped,ART-F67ECE25,yahoo.com,2025-05-16,2025-05-16,0
PFC-2025-CA-EC062F7E,Ped,ART-3BD517A8,sfist.com,2025-05-14,2025-05-13,1
PFC-2025-NV-C8B2C89D,Ped,ART-F22C1CAD,motorbiscuit.com,2025-05-13,2025-05-13,0
PFC-2025-NV-47E6B7CC,Ped,ART-FCAE6F13,news3lv.com,2025-05-13,2025-05-13,0
PFC-2025-NV-47E6B7CC,Ped,ART-D0FD68F1,yahoo.com,2025-05-13,2025-05-13,0
PFC-2025-CA-2A76D823,Ped,ART-BBD4A3A1,yahoo.com,2025-05-12,2025-05-11,1
PFC-2025-CA-DEE87E3D,Ped,ART-B6995E83,yahoo.com,2025-05-09,2025-03-20,50
PFC-2025-NV-97A2966B,Ped,ART-CA35FB5E,news3lv.com,2025-05-07,2025-05-06,1
PFC-2025-NV-34921D92,Ped,ART-D69622AD,news3lv.com,2025-05-07,2025-05-02,5
PFC-2025-NV-34921D92,Ped,ART-4B63DEE3,news3lv.com,2025-05-06,2025-05-02,4
PFC-2025-CA-0EE18C7B,Ped,ART-169A9B23,canyon-news.com,2025-05-06,2025-05-02,4
PFC-2025-NV-1A20A96C,Ped,ART-E05810CF,yahoo.com,2025-05-05,2025-05-05,0
PFC-2025-NV-1A20A96C,Ped,ART-1EC25FB2,news3lv.com,2025-05-05,2025-05-05,0
PFC-2025-CA-770F2B4A,Ped,ART-FC5B38D8,yahoo.com,2025-05-03,2025-05-02,1
PFC-2025-CA-83ECF8F2,Ped,ART-8498CC92,ktvu.com,2025-05-02,2025-05-01,1
PFC-2025-CA-078EA70C,Ped,ART-3E742884,nbcbayarea.com,2025-05-02,2025-05-02,0
PFC-2025-NV-860FAB65,Ped,ART-F3D8EEE0,news3lv.com,2025-05-01,2025-05-01,0
PFC-2025-NV-7E3A17DC,Ped,ART-FD99E432,news3lv.com,2025-06-07,2025-06-07,0
PFC-2025-NV-47E6B7CC,Ped,ART-135EBA22,news3lv.com,2025-06-04,2025-05-13,22
PFC-2025-CA-54A7E18B,Ped,ART-778DB573,sfist.com,2025-07-30,2025-07-13,17
PFC-2025-CA-D8CDE30F,Ped,ART-E4117978,eastbaytimes.com,2025-07-29,2025-07-13,16
PFC-2025-AZ-109F588E,Ped,ART-DE18D833,arizonadailyindependent.com,2025-07-26,2025-07-24,2
PFC-2025-CA-A79FCA3D,Ped,ART-355BCBD0,streetsblog.org,2025-07-25,2025-07-23,2
PFC-2025-CA-A79FCA3D,Ped,ART-295D59E8,ktvu.com,2025-07-24,2025-07-23,1
PFC-2025-CA-3B9D6CCC,Ped,ART-C6B1006C,sfist.com,2025-07-22,2025-07-18,4
PFC-2025-CA-6764E2B0,Ped,ART-D88B6A45,ktvu.com,2025-07-22,2025-07-21,1
PFC-2025-NV-6730488E,Ped,ART-F740288A,news3lv.com,2025-07-18,2025-07-18,0
PFC-2025-NV-6730488E,Ped,ART-9551F915,news3lv.com,2025-07-17,2025-07-18,-1
PFC-2025-NV-2149F983,Ped,ART-7B9CF686,prunderground.com,2025-07-17,2025-06-13,34
PFC-2025-AZ-638277BD,Ped,ART-8331D7B5,arizonadailyindependent.com,2025-07-12,2025-07-11,1
PFC-2025-NV-1FB1172A,Ped,ART-A54D84C1,news3lv.com,2025-07-11,2025-07-11,0
PFC-2025-AZ-638277BD,Ped,ART-8CEA3ABF,fox10phoenix.com,2025-07-11,2025-07-11,0
PFC-2025-CA-A8E39ED8,Ped,ART-36A4B3EA,eastbaytimes.com,2025-07-10,2025-07-09,1
PFC-2025-CA-F6E1656F,Ped,ART-E9713E3D,mercurynews.com,2025-07-09,2025-06-20,19
PFC-2025-CA-27F75480,Ped,ART-102D88FD,foxla.com,2025-07-09,2025-07-05,4
PFC-2025-CA-EDC6691A,Ped,ART-51F747EB,canyon-news.com,2025-07-03,2025-07-01,2
PFC-2025-AZ-41AEFD59,Ped,ART-1519161F,fox10phoenix.com,2025-08-10,2025-07-21,20
PFC-2025-AZ-8E91C12B,Ped,ART-C9B2D06A,azfamily.com,2025-08-01,2025-07-31,1
PFC-2025-CA-8E0DBD81,Ped,ART-8527DA06,iheart.com,2025-09-05,2025-07-05,62
PFC-2020-AZ-FECD974C,Ped,ART-542BADF0,abc7ny.com,2020-01-15,2020-01-11,4
PFC-2020-AZ-FECD974C,Ped,ART-6484D594,6abc.com,2020-01-15,2020-01-11,4
PFC-2020-AZ-FECD974C,Ped,ART-8C17A870,abc13.com,2020-01-15,2020-01-11,4
PFC-2020-AZ-FECD974C,Ped,ART-CB1FD6D0,abc7chicago.com,2020-01-15,2020-01-11,4
PFC-2020-AZ-FECD974C,Ped,ART-D2413E08,go.com,2020-01-15,2020-01-11,4
PFC-2020-TX-07D2D33E,Ped,ART-D4C8F56E,1023thebullfm.com,2020-05-12,2020-05-12,0
PFC-2020-TX-07D2D33E,Ped,ART-E36E0D19,1063thebuzz.com,2020-05-12,2020-05-12,0
PFC-2020-AZ-A30CFC08,Ped,ART-76843ABA,fox10phoenix.com,2020-08-08,2020-08-03,5
PFC-2020-AZ-A30CFC08,Ped,ART-A08D5187,abc15.com,2020-08-04,2020-08-03,1
PFC-2020-AZ-C9ED5AA7,Ped,ART-601EC83B,fox10phoenix.com,2020-09-04,2020-09-03,1
PFC-2020-AZ-C9ED5AA7,Ped,ART-9D550A95,abc15.com,2020-09-04,2020-09-03,1
PFC-2020-CA-77262BFE,Ped,ART-3192CD97,iheart.com,2020-11-25,2020-11-23,2
PFC-2020-CA-77262BFE,Ped,ART-55CDF6CB,iheart.com,2020-11-25,2020-11-23,2
PFC-2020-CA-77262BFE,Ped,ART-58F37EE7,iheart.com,2020-11-24,2020-11-23,1
PFC-2020-CA-77262BFE,Ped,ART-9F7A492B,iheart.com,2020-11-24,2020-11-23,1
PFC-2020-CA-AD33F599,Ped,ART-BB96A50F,abc7news.com,2021-01-19,2020-12-31,19
PFC-2020-CA-536B9F5A,Ped,ART-FC54B1DB,abc7news.com,2021-01-08,2020-12-31,8
PFC-2020-CA-B3DC7621,Ped,ART-C0FB670D,rafu.com,2021-01-08,2020-12-31,8
PFC-2020-CA-3A73CE75,Ped,ART-599E98E1,abc7news.com,2021-01-06,2020-12-31,6
PFC-2020-CA-BEAA6FEE,Ped,ART-AE477102,lasvegassun.com,2021-01-06,2020-12-31,6
PFC-2020-CA-5807F5BA,Ped,ART-B79EB542,ksat.com,2021-01-06,2020-12-31,6
PFC-2020-CA-3D4B399C,Ped,ART-F3587BE8,ktvu.com,2021-01-06,2020-12-31,6
PFC-2020-CA-5C237030,Ped,ART-ECA6D46E,wsls.com,2021-01-06,2020-12-31,6
PFC-2020-CA-0A902EBC,Ped,ART-4AF2E9F3,smdailyjournal.com,2021-01-06,2020-12-31,6
PFC-2020-CA-B2DA1C02,Ped,ART-02BFD898,lmtonline.com,2021-01-05,2020-12-31,5
PFC-2020-CA-4910A975,Ped,ART-E12536AA,smdailyjournal.com,2021-01-05,2020-12-31,5
PFC-2020-CA-A67AC7EB,Ped,ART-56910D0F,abc7news.com,2021-01-05,2020-12-31,5
PFC-2020-CA-D108CDAA,Ped,ART-7E76CC0D,abc7news.com,2021-01-05,2020-12-31,5
PFC-2020-CA-E9F2669A,Ped,ART-E6CD6439,nextshark.com,2021-01-04,2020-12-31,4
PFC-2020-CA-CB8C26C2,Ped,ART-8553F183,lmtonline.com,2021-01-04,2020-12-31,4
PFC-2020-CA-86B93CBE,Ped,ART-7304E940,abc7news.com,2021-01-04,2020-12-31,4
PFC-2020-CA-E8A45AED,Ped,ART-D295D96C,ktvu.com,2021-01-04,2020-12-31,4
PFC-2020-CA-DD976A48,Ped,ART-38F911D7,ktvu.com,2021-01-02,2020-12-31,2
PFC-2020-CA-B8C6B8A8,Ped,ART-D85E4855,ktvu.com,2021-01-01,2020-12-31,1
PFC-2020-CA-6341AE10,Ped,ART-DDD2B4AB,sfgate.com,2021-01-01,2020-12-31,1
PFC-2020-CA-B655B96A,Ped,ART-B448E685,lbpost.com,2021-11-09,2020-05-26,532
PFC-2020-CA-19BED900,Ped,ART-34AE461A,foxla.com,2022-03-31,2020-02-24,766
PFC-2020-CA-EE2C337F,Ped,ART-731D9318,iheart.com,2022-04-01,2020-02-24,767
PFC-2020-CA-C811F5F7,Ped,ART-7C707D5C,iheart.com,2022-04-01,2020-02-24,767
PFC-2020-AZ-88E95209,Ped,ART-ECCADACB,fox10phoenix.com,2025-10-04,2020-05-22,1961
PFC-2020-CA-6AE33CCB,Ped,ART-6D59C435,thedailybeast.com,2024-06-11,2020-09-01,1379
PFC-2021-CA-92B024C9,Ped,ART-4BACE32A,iheart.com,2021-01-25,2021-01-25,0
PFC-2021-CA-92B024C9,Ped,ART-BEA04D8E,iheart.com,2021-01-25,2021-01-25,0
PFC-2021-AZ-4034ADC6,Ped,ART-0CE5EDDA,fox10phoenix.com,2021-04-07,2021-04-06,1
PFC-2021-AZ-4034ADC6,Ped,ART-A190DFBB,abc15.com,2021-04-07,2021-04-06,1
PFC-2021-AZ-1175DF71,Ped,ART-BDC70E5C,abc15.com,2021-10-24,2021-10-23,1
PFC-2021-AZ-1175DF71,Ped,ART-D064DF29,abc15.com,2021-11-01,2021-10-23,9
PFC-2021-CA-30405EB7,Ped,ART-E4560C11,lbpost.com,2022-01-27,2021-12-27,31
PFC-2021-CA-FA68330A,Ped,ART-ED2AC72E,foxnews.com,2022-06-08,2021-08-06,306
PFC-2021-AZ-C01A02E7,Ped,ART-9E0DD5EF,fox10phoenix.com,2022-07-28,2021-10-23,278
PFC-2021-CA-6C7E038E,Ped,ART-253EE06F,dailymail.co.uk,2022-09-29,2021-06-04,482
PFC-2021-CA-E9FCC042,Ped,ART-57DEEFAB,fox6now.com,2023-01-21,2021-08-06,533
PFC-2021-CA-F77420EC,Ped,ART-8F29EE2D,fox5ny.com,2023-01-21,2021-08-06,533
PFC-2021-CA-4E3054AC,Ped,ART-C4714E20,foxla.com,2023-01-20,2021-08-06,532
PFC-2021-CA-88283343,Ped,ART-2627E1AD,mercurynews.com,2024-08-02,2021-02-25,1254
PFC-2022-AZ-2C15897D,Ped,ART-5E7291D9,fox10phoenix.com,2022-05-29,2022-05-28,1
PFC-2022-AZ-2C15897D,Ped,ART-BA032B9A,fox10phoenix.com,2022-05-29,2022-05-28,1
PFC-2022-AZ-5444882B,Ped,ART-97FBBB19,azcentral.com,2022-09-09,2022-09-09,0
PFC-2022-AZ-5444882B,Ped,ART-F93B021B,abc15.com,2022-09-09,2022-09-09,0
PFC-2022-CA-E41D26CF,Ped,ART-D3D2563C,ksby.com,2023-01-19,2022-12-25,25
PFC-2022-TX-55C154B5,Ped,ART-3F245FE0,fox7austin.com,2023-01-09,2022-10-19,82
PFC-2022-AZ-821AD253,Ped,ART-DBB3B979,arizonadailyindependent.com,2023-01-07,2022-12-31,7
PFC-2022-CA-2736320C,Ped,ART-E9DFF957,iheart.com,2023-01-05,2022-12-24,12
PFC-2022-CA-F96115BA,Ped,ART-2E3178D5,nbclosangeles.com,2023-01-06,2022-12-24,13
PFC-2023-CA-037ACED4,Ped,ART-335C3AAF,pasadenastarnews.com,2023-12-21,2023-12-19,2
PFC-2023-CA-037ACED4,Ped,ART-6887FF55,mynewsla.com,2023-12-21,2023-12-19,2
PFC-2023-CA-037ACED4,Ped,ART-D8C763D7,dailynews.com,2023-12-20,2023-12-19,1
PFC-2023-CA-037ACED4,Ped,ART-E6141940,mynewsla.com,2023-12-22,2023-12-19,3
PFC-2023-CA-96995859,Ped,ART-89946ECD,examiner.com.au,2024-01-29,2023-10-02,119
PFC-2023-CA-EF7AA761,Ped,ART-5C3CE55C,northerndailyleader.com.au,2024-01-29,2023-10-02,119
PFC-2023-CA-E2395CBE,Ped,ART-11605FA9,techcrunch.com,2024-01-25,2023-10-02,115
PFC-2023-AZ-E38CE54C,Ped,ART-B8C26605,abc15.com,2024-01-01,2023-12-31,1
PFC-2023-CA-6B4D1E9D,Ped,ART-C8B8CD58,abc7.com,2024-01-03,2023-12-17,17
PFC-2023-AZ-D7AD0C1F,Ped,ART-2B3EB6F9,arizonadailyindependent.com,2024-01-03,2023-12-31,3
PFC-2023-AZ-EE3C0401,Ped,ART-57237B30,fox10phoenix.com,2024-01-01,2023-12-31,1
PFC-2023-CA-AD24185F,Ped,ART-DAB59489,abc7.com,2024-02-14,2023-11-01,105
PFC-2023-CA-D72EB7BD,Ped,ART-EB8246B1,ocregister.com,2024-06-06,2023-02-01,491
PFC-2023-CA-C559AC49,Ped,ART-935915E5,abc7.com,2024-06-27,2023-09-30,271
PFC-2023-CA-9E5DDC72,Ped,ART-2A94209B,lowellsun.com,2024-06-07,2023-02-01,492
PFC-2023-CA-DBC625A3,Ped,ART-5FC243A2,dailycamera.com,2024-06-07,2023-02-01,492
PFC-2023-CA-12A5E270,Ped,ART-83848EEB,baltimoresun.com,2024-06-06,2023-02-01,491
PFC-2023-CA-85170EBD,Ped,ART-9200999D,news-medical.net,2024-06-03,2023-02-01,488
PFC-2024-NV-3CB20682,Ped,ART-1D7F6E3A,news3lv.com,2023-11-30,2024-01-01,-32
PFC-2024-CA-2759AD68,Ped,ART-3A62723E,yahoo.com,2025-01-06,2024-12-26,11
PFC-2024-AZ-4E6A9B63,Ped,ART-3602E440,independent.co.uk,2025-01-01,2024-12-26,6
PFC-2024-NV-CC7B636E,Ped,ART-0CB7D11E,ktnv.com,2024-01-24,2024-01-22,2
PFC-2024-NV-CC7B636E,Ped,ART-92E539D3,news3lv.com,2024-01-23,2024-01-22,1
PFC-2025-AZ-39FD3B7D,Ped,ART-51C13CEF,arizonadailyindependent.com,2025-05-31,2025-05-27,4
PFC-2025-AZ-39FD3B7D,Ped,ART-ADB1BABA,fox10phoenix.com,2025-05-30,2025-05-27,3
